article_id,group,subcat,n,group_total,subcat_prop,subcat_total,top_prop,subcat_plot
1,Curiosity,Curiosity,292,292,1.0,2052,0.14230019493177387,d. Curiosity
1,Evaluative Response,Evaluative: Prescriptive,23,84,0.27380952380952384,2052,0.011208576998050682,j. Evaluative: Prescriptive
1,Evaluative Response,Evaluative: Reactive,61,84,0.7261904761904762,2052,0.0297270955165692,i. Evaluative: Reactive
1,Inference,Inference: Causal,89,247,0.3603238866396761,2052,0.04337231968810916,e. Inference: Causal
1,Inference,Inference: Hypothetical,158,247,0.6396761133603239,2052,0.0769980506822612,f. Inference: Hypothetical
1,Prior Knowledge,Prior Knowledge: General,384,623,0.6163723916532905,2052,0.1871345029239766,g. Prior Knowledge: General
1,Prior Knowledge,Prior Knowledge: Personal,239,623,0.38362760834670945,2052,0.11647173489278752,h. Prior Knowledge: Personal
1,Visual Observation,Visual Observation: Chart Elements,106,806,0.1315136476426799,2052,0.05165692007797271,a. Visual Observation: Chart Elements
1,Visual Observation,Visual Observation: Data Extraction,179,806,0.22208436724565755,2052,0.08723196881091617,b. Visual Observation: Data Extraction
1,Visual Observation,Visual Observation: Pattern Recognition,521,806,0.6464019851116626,2052,0.25389863547758285,c. Visual Observation: Pattern Recognition
10,Curiosity,Curiosity,391,391,1.0,2008,0.1947211155378486,d. Curiosity
10,Evaluative Response,Evaluative: Prescriptive,50,93,0.5376344086021505,2008,0.0249003984063745,j. Evaluative: Prescriptive
10,Evaluative Response,Evaluative: Reactive,43,93,0.46236559139784944,2008,0.02141434262948207,i. Evaluative: Reactive
10,Inference,Inference: Causal,159,327,0.48623853211009177,2008,0.07918326693227092,e. Inference: Causal
10,Inference,Inference: Hypothetical,168,327,0.5137614678899083,2008,0.08366533864541832,f. Inference: Hypothetical
10,Prior Knowledge,Prior Knowledge: General,235,518,0.45366795366795365,2008,0.11703187250996015,g. Prior Knowledge: General
10,Prior Knowledge,Prior Knowledge: Personal,283,518,0.5463320463320464,2008,0.1409362549800797,h. Prior Knowledge: Personal
10,Visual Observation,Visual Observation: Chart Elements,208,679,0.30633284241531666,2008,0.10358565737051793,a. Visual Observation: Chart Elements
10,Visual Observation,Visual Observation: Data Extraction,51,679,0.07511045655375552,2008,0.025398406374501994,b. Visual Observation: Data Extraction
10,Visual Observation,Visual Observation: Pattern Recognition,420,679,0.6185567010309279,2008,0.20916334661354583,c. Visual Observation: Pattern Recognition
100,Curiosity,Curiosity,318,318,1.0,2501,0.12714914034386246,d. Curiosity
100,Evaluative Response,Evaluative: Prescriptive,60,127,0.47244094488188976,2501,0.023990403838464614,j. Evaluative: Prescriptive
100,Evaluative Response,Evaluative: Reactive,67,127,0.5275590551181102,2501,0.026789284286285485,i. Evaluative: Reactive
100,Inference,Inference: Causal,178,310,0.5741935483870968,2501,0.07117153138744502,e. Inference: Causal
100,Inference,Inference: Hypothetical,132,310,0.4258064516129032,2501,0.052778888444622155,f. Inference: Hypothetical
100,Prior Knowledge,Prior Knowledge: General,283,551,0.5136116152450091,2501,0.1131547381047581,g. Prior Knowledge: General
100,Prior Knowledge,Prior Knowledge: Personal,268,551,0.4863883847549909,2501,0.10715713714514194,h. Prior Knowledge: Personal
100,Visual Observation,Visual Observation: Chart Elements,135,1195,0.11297071129707113,2501,0.053978408636545384,a. Visual Observation: Chart Elements
100,Visual Observation,Visual Observation: Data Extraction,315,1195,0.26359832635983266,2501,0.12594962015193922,b. Visual Observation: Data Extraction
100,Visual Observation,Visual Observation: Pattern Recognition,745,1195,0.6234309623430963,2501,0.29788084766093564,c. Visual Observation: Pattern Recognition
101,Curiosity,Curiosity,282,282,1.0,2062,0.1367604267701261,d. Curiosity
101,Evaluative Response,Evaluative: Prescriptive,52,149,0.348993288590604,2062,0.02521823472356935,j. Evaluative: Prescriptive
101,Evaluative Response,Evaluative: Reactive,97,149,0.6510067114093959,2062,0.04704170708050436,i. Evaluative: Reactive
101,Inference,Inference: Causal,76,832,0.09134615384615384,2062,0.03685741998060136,e. Inference: Causal
101,Inference,Inference: Hypothetical,756,832,0.9086538461538461,2062,0.36663433559650827,f. Inference: Hypothetical
101,Prior Knowledge,Prior Knowledge: General,260,435,0.5977011494252874,2062,0.12609117361784675,g. Prior Knowledge: General
101,Prior Knowledge,Prior Knowledge: Personal,175,435,0.40229885057471265,2062,0.0848690591658584,h. Prior Knowledge: Personal
101,Visual Observation,Visual Observation: Chart Elements,124,364,0.34065934065934067,2062,0.06013579049466537,a. Visual Observation: Chart Elements
101,Visual Observation,Visual Observation: Data Extraction,67,364,0.18406593406593408,2062,0.03249272550921436,b. Visual Observation: Data Extraction
101,Visual Observation,Visual Observation: Pattern Recognition,173,364,0.47527472527472525,2062,0.08389912706110572,c. Visual Observation: Pattern Recognition
102,Curiosity,Curiosity,274,274,1.0,2340,0.1170940170940171,d. Curiosity
102,Evaluative Response,Evaluative: Prescriptive,19,56,0.3392857142857143,2340,0.00811965811965812,j. Evaluative: Prescriptive
102,Evaluative Response,Evaluative: Reactive,37,56,0.6607142857142857,2340,0.01581196581196581,i. Evaluative: Reactive
102,Inference,Inference: Causal,214,644,0.33229813664596275,2340,0.09145299145299145,e. Inference: Causal
102,Inference,Inference: Hypothetical,430,644,0.6677018633540373,2340,0.18376068376068377,f. Inference: Hypothetical
102,Prior Knowledge,Prior Knowledge: General,427,733,0.582537517053206,2340,0.18247863247863247,g. Prior Knowledge: General
102,Prior Knowledge,Prior Knowledge: Personal,306,733,0.417462482946794,2340,0.13076923076923078,h. Prior Knowledge: Personal
102,Visual Observation,Visual Observation: Chart Elements,139,633,0.21958925750394945,2340,0.0594017094017094,a. Visual Observation: Chart Elements
102,Visual Observation,Visual Observation: Data Extraction,37,633,0.05845181674565561,2340,0.01581196581196581,b. Visual Observation: Data Extraction
102,Visual Observation,Visual Observation: Pattern Recognition,457,633,0.721958925750395,2340,0.1952991452991453,c. Visual Observation: Pattern Recognition
103,Curiosity,Curiosity,94,94,1.0,470,0.2,d. Curiosity
103,Evaluative Response,Evaluative: Prescriptive,22,34,0.6470588235294118,470,0.04680851063829787,j. Evaluative: Prescriptive
103,Evaluative Response,Evaluative: Reactive,12,34,0.35294117647058826,470,0.02553191489361702,i. Evaluative: Reactive
103,Inference,Inference: Causal,37,85,0.43529411764705883,470,0.07872340425531915,e. Inference: Causal
103,Inference,Inference: Hypothetical,48,85,0.5647058823529412,470,0.10212765957446808,f. Inference: Hypothetical
103,Prior Knowledge,Prior Knowledge: General,81,120,0.675,470,0.1723404255319149,g. Prior Knowledge: General
103,Prior Knowledge,Prior Knowledge: Personal,39,120,0.325,470,0.08297872340425531,h. Prior Knowledge: Personal
103,Visual Observation,Visual Observation: Chart Elements,12,137,0.08759124087591241,470,0.02553191489361702,a. Visual Observation: Chart Elements
103,Visual Observation,Visual Observation: Data Extraction,55,137,0.40145985401459855,470,0.11702127659574468,b. Visual Observation: Data Extraction
103,Visual Observation,Visual Observation: Pattern Recognition,70,137,0.5109489051094891,470,0.14893617021276595,c. Visual Observation: Pattern Recognition
104,Curiosity,Curiosity,358,358,1.0,2412,0.148424543946932,d. Curiosity
104,Evaluative Response,Evaluative: Prescriptive,70,173,0.4046242774566474,2412,0.02902155887230514,j. Evaluative: Prescriptive
104,Evaluative Response,Evaluative: Reactive,103,173,0.5953757225433526,2412,0.042703150912106136,i. Evaluative: Reactive
104,Inference,Inference: Causal,55,483,0.11387163561076605,2412,0.022802653399668325,e. Inference: Causal
104,Inference,Inference: Hypothetical,428,483,0.8861283643892339,2412,0.17744610281923714,f. Inference: Hypothetical
104,Prior Knowledge,Prior Knowledge: General,238,429,0.5547785547785548,2412,0.09867330016583747,g. Prior Knowledge: General
104,Prior Knowledge,Prior Knowledge: Personal,191,429,0.44522144522144524,2412,0.07918739635157546,h. Prior Knowledge: Personal
104,Visual Observation,Visual Observation: Chart Elements,521,969,0.5376676986584107,2412,0.2160033167495854,a. Visual Observation: Chart Elements
104,Visual Observation,Visual Observation: Data Extraction,129,969,0.13312693498452013,2412,0.053482587064676616,b. Visual Observation: Data Extraction
104,Visual Observation,Visual Observation: Pattern Recognition,319,969,0.32920536635706915,2412,0.1322553897180763,c. Visual Observation: Pattern Recognition
105,Curiosity,Curiosity,23,23,1.0,116,0.19827586206896552,d. Curiosity
105,Evaluative Response,Evaluative: Prescriptive,1,4,0.25,116,0.008620689655172414,j. Evaluative: Prescriptive
105,Evaluative Response,Evaluative: Reactive,3,4,0.75,116,0.02586206896551724,i. Evaluative: Reactive
105,Inference,Inference: Causal,4,9,0.4444444444444444,116,0.034482758620689655,e. Inference: Causal
105,Inference,Inference: Hypothetical,5,9,0.5555555555555556,116,0.04310344827586207,f. Inference: Hypothetical
105,Prior Knowledge,Prior Knowledge: General,10,25,0.4,116,0.08620689655172414,g. Prior Knowledge: General
105,Prior Knowledge,Prior Knowledge: Personal,15,25,0.6,116,0.12931034482758622,h. Prior Knowledge: Personal
105,Visual Observation,Visual Observation: Chart Elements,14,55,0.2545454545454545,116,0.1206896551724138,a. Visual Observation: Chart Elements
105,Visual Observation,Visual Observation: Data Extraction,9,55,0.16363636363636364,116,0.07758620689655173,b. Visual Observation: Data Extraction
105,Visual Observation,Visual Observation: Pattern Recognition,32,55,0.5818181818181818,116,0.27586206896551724,c. Visual Observation: Pattern Recognition
106,Curiosity,Curiosity,919,919,1.0,7948,0.11562657272269754,d. Curiosity
106,Evaluative Response,Evaluative: Prescriptive,70,368,0.19021739130434784,7948,0.008807247106190236,j. Evaluative: Prescriptive
106,Evaluative Response,Evaluative: Reactive,298,368,0.8097826086956522,7948,0.03749370910920986,i. Evaluative: Reactive
106,Inference,Inference: Causal,637,928,0.6864224137931034,7948,0.08014594866633115,e. Inference: Causal
106,Inference,Inference: Hypothetical,291,928,0.3135775862068966,7948,0.03661298439859084,f. Inference: Hypothetical
106,Prior Knowledge,Prior Knowledge: General,879,2409,0.36488169364881695,7948,0.11059386009058883,g. Prior Knowledge: General
106,Prior Knowledge,Prior Knowledge: Personal,1530,2409,0.635118306351183,7948,0.19250125817815802,h. Prior Knowledge: Personal
106,Visual Observation,Visual Observation: Chart Elements,495,3324,0.14891696750902528,7948,0.06227981882234524,a. Visual Observation: Chart Elements
106,Visual Observation,Visual Observation: Data Extraction,298,3324,0.08965102286401926,7948,0.03749370910920986,b. Visual Observation: Data Extraction
106,Visual Observation,Visual Observation: Pattern Recognition,2531,3324,0.7614320096269555,7948,0.3184448917966784,c. Visual Observation: Pattern Recognition
107,Curiosity,Curiosity,434,434,1.0,2901,0.14960358497069975,d. Curiosity
107,Evaluative Response,Evaluative: Prescriptive,31,120,0.25833333333333336,2901,0.010685970355049982,j. Evaluative: Prescriptive
107,Evaluative Response,Evaluative: Reactive,89,120,0.7416666666666667,2901,0.03067907618062737,i. Evaluative: Reactive
107,Inference,Inference: Causal,250,464,0.5387931034482759,2901,0.08617718028266115,e. Inference: Causal
107,Inference,Inference: Hypothetical,214,464,0.46120689655172414,2901,0.07376766632195794,f. Inference: Hypothetical
107,Prior Knowledge,Prior Knowledge: General,289,680,0.425,2901,0.0996208204067563,g. Prior Knowledge: General
107,Prior Knowledge,Prior Knowledge: Personal,391,680,0.575,2901,0.13478110996208204,h. Prior Knowledge: Personal
107,Visual Observation,Visual Observation: Chart Elements,179,1203,0.1487946799667498,2901,0.06170286108238538,a. Visual Observation: Chart Elements
107,Visual Observation,Visual Observation: Data Extraction,95,1203,0.07896924355777224,2901,0.03274732850741124,b. Visual Observation: Data Extraction
107,Visual Observation,Visual Observation: Pattern Recognition,929,1203,0.772236076475478,2901,0.32023440193036884,c. Visual Observation: Pattern Recognition
108,Curiosity,Curiosity,600,600,1.0,4541,0.13212948689715923,d. Curiosity
108,Evaluative Response,Evaluative: Prescriptive,110,210,0.5238095238095238,4541,0.02422373926447919,j. Evaluative: Prescriptive
108,Evaluative Response,Evaluative: Reactive,100,210,0.47619047619047616,4541,0.022021581149526535,i. Evaluative: Reactive
108,Inference,Inference: Causal,320,547,0.5850091407678245,4541,0.07046905967848492,e. Inference: Causal
108,Inference,Inference: Hypothetical,227,547,0.4149908592321755,4541,0.04998898920942524,f. Inference: Hypothetical
108,Prior Knowledge,Prior Knowledge: General,589,1333,0.4418604651162791,4541,0.1297071129707113,g. Prior Knowledge: General
108,Prior Knowledge,Prior Knowledge: Personal,744,1333,0.5581395348837209,4541,0.16384056375247744,h. Prior Knowledge: Personal
108,Visual Observation,Visual Observation: Chart Elements,503,1851,0.2717450027012426,4541,0.11076855318211848,a. Visual Observation: Chart Elements
108,Visual Observation,Visual Observation: Data Extraction,96,1851,0.05186385737439222,4541,0.021140717903545474,b. Visual Observation: Data Extraction
108,Visual Observation,Visual Observation: Pattern Recognition,1252,1851,0.6763911399243652,4541,0.27571019599207225,c. Visual Observation: Pattern Recognition
11,Curiosity,Curiosity,126,126,1.0,1179,0.10687022900763359,d. Curiosity
11,Evaluative Response,Evaluative: Prescriptive,27,63,0.42857142857142855,1179,0.022900763358778626,j. Evaluative: Prescriptive
11,Evaluative Response,Evaluative: Reactive,36,63,0.5714285714285714,1179,0.030534351145038167,i. Evaluative: Reactive
11,Inference,Inference: Causal,48,90,0.5333333333333333,1179,0.04071246819338423,e. Inference: Causal
11,Inference,Inference: Hypothetical,42,90,0.4666666666666667,1179,0.035623409669211195,f. Inference: Hypothetical
11,Prior Knowledge,Prior Knowledge: General,199,365,0.5452054794520548,1179,0.16878710771840544,g. Prior Knowledge: General
11,Prior Knowledge,Prior Knowledge: Personal,166,365,0.4547945205479452,1179,0.14079728583545378,h. Prior Knowledge: Personal
11,Visual Observation,Visual Observation: Chart Elements,117,535,0.21869158878504674,1179,0.09923664122137404,a. Visual Observation: Chart Elements
11,Visual Observation,Visual Observation: Data Extraction,156,535,0.29158878504672897,1179,0.13231552162849872,b. Visual Observation: Data Extraction
11,Visual Observation,Visual Observation: Pattern Recognition,262,535,0.4897196261682243,1179,0.2222222222222222,c. Visual Observation: Pattern Recognition
110,Curiosity,Curiosity,333,333,1.0,1975,0.16860759493670885,d. Curiosity
110,Evaluative Response,Evaluative: Prescriptive,43,130,0.33076923076923076,1975,0.021772151898734177,j. Evaluative: Prescriptive
110,Evaluative Response,Evaluative: Reactive,87,130,0.6692307692307692,1975,0.044050632911392405,i. Evaluative: Reactive
110,Inference,Inference: Causal,69,206,0.33495145631067963,1975,0.034936708860759495,e. Inference: Causal
110,Inference,Inference: Hypothetical,137,206,0.6650485436893204,1975,0.06936708860759494,f. Inference: Hypothetical
110,Prior Knowledge,Prior Knowledge: General,285,547,0.5210237659963437,1975,0.14430379746835442,g. Prior Knowledge: General
110,Prior Knowledge,Prior Knowledge: Personal,262,547,0.4789762340036563,1975,0.13265822784810127,h. Prior Knowledge: Personal
110,Visual Observation,Visual Observation: Chart Elements,387,759,0.5098814229249012,1975,0.1959493670886076,a. Visual Observation: Chart Elements
110,Visual Observation,Visual Observation: Data Extraction,111,759,0.14624505928853754,1975,0.05620253164556962,b. Visual Observation: Data Extraction
110,Visual Observation,Visual Observation: Pattern Recognition,261,759,0.3438735177865613,1975,0.1321518987341772,c. Visual Observation: Pattern Recognition
111,Curiosity,Curiosity,528,528,1.0,3990,0.13233082706766916,d. Curiosity
111,Evaluative Response,Evaluative: Prescriptive,30,84,0.35714285714285715,3990,0.007518796992481203,j. Evaluative: Prescriptive
111,Evaluative Response,Evaluative: Reactive,54,84,0.6428571428571429,3990,0.013533834586466165,i. Evaluative: Reactive
111,Inference,Inference: Causal,395,701,0.5634807417974322,3990,0.09899749373433583,e. Inference: Causal
111,Inference,Inference: Hypothetical,306,701,0.43651925820256776,3990,0.07669172932330827,f. Inference: Hypothetical
111,Prior Knowledge,Prior Knowledge: General,542,1009,0.5371655104063429,3990,0.13583959899749373,g. Prior Knowledge: General
111,Prior Knowledge,Prior Knowledge: Personal,467,1009,0.4628344895936571,3990,0.11704260651629073,h. Prior Knowledge: Personal
111,Visual Observation,Visual Observation: Chart Elements,393,1668,0.2356115107913669,3990,0.09849624060150376,a. Visual Observation: Chart Elements
111,Visual Observation,Visual Observation: Data Extraction,196,1668,0.11750599520383694,3990,0.04912280701754386,b. Visual Observation: Data Extraction
111,Visual Observation,Visual Observation: Pattern Recognition,1079,1668,0.6468824940047961,3990,0.2704260651629073,c. Visual Observation: Pattern Recognition
112,Curiosity,Curiosity,451,451,1.0,2964,0.15215924426450742,d. Curiosity
112,Evaluative Response,Evaluative: Prescriptive,26,75,0.3466666666666667,2964,0.008771929824561403,j. Evaluative: Prescriptive
112,Evaluative Response,Evaluative: Reactive,49,75,0.6533333333333333,2964,0.016531713900134953,i. Evaluative: Reactive
112,Inference,Inference: Causal,267,411,0.6496350364963503,2964,0.09008097165991903,e. Inference: Causal
112,Inference,Inference: Hypothetical,144,411,0.35036496350364965,2964,0.048582995951417005,f. Inference: Hypothetical
112,Prior Knowledge,Prior Knowledge: General,384,783,0.4904214559386973,2964,0.12955465587044535,g. Prior Knowledge: General
112,Prior Knowledge,Prior Knowledge: Personal,399,783,0.5095785440613027,2964,0.1346153846153846,h. Prior Knowledge: Personal
112,Visual Observation,Visual Observation: Chart Elements,281,1244,0.22588424437299034,2964,0.09480431848852902,a. Visual Observation: Chart Elements
112,Visual Observation,Visual Observation: Data Extraction,370,1244,0.297427652733119,2964,0.12483130904183536,b. Visual Observation: Data Extraction
112,Visual Observation,Visual Observation: Pattern Recognition,593,1244,0.4766881028938907,2964,0.20006747638326586,c. Visual Observation: Pattern Recognition
113,Curiosity,Curiosity,430,430,1.0,2654,0.16201959306706856,d. Curiosity
113,Evaluative Response,Evaluative: Prescriptive,254,307,0.8273615635179153,2654,0.09570459683496609,j. Evaluative: Prescriptive
113,Evaluative Response,Evaluative: Reactive,53,307,0.17263843648208468,2654,0.019969856819894497,i. Evaluative: Reactive
113,Inference,Inference: Causal,115,543,0.21178637200736647,2654,0.04333082140165787,e. Inference: Causal
113,Inference,Inference: Hypothetical,428,543,0.7882136279926335,2654,0.16126601356443104,f. Inference: Hypothetical
113,Prior Knowledge,Prior Knowledge: General,310,612,0.5065359477124183,2654,0.11680482290881689,g. Prior Knowledge: General
113,Prior Knowledge,Prior Knowledge: Personal,302,612,0.4934640522875817,2654,0.11379050489826677,h. Prior Knowledge: Personal
113,Visual Observation,Visual Observation: Chart Elements,267,762,0.35039370078740156,2654,0.10060286360211003,a. Visual Observation: Chart Elements
113,Visual Observation,Visual Observation: Data Extraction,74,762,0.09711286089238845,2654,0.027882441597588545,b. Visual Observation: Data Extraction
113,Visual Observation,Visual Observation: Pattern Recognition,421,762,0.55249343832021,2654,0.1586284853051997,c. Visual Observation: Pattern Recognition
114,Curiosity,Curiosity,368,368,1.0,2030,0.1812807881773399,d. Curiosity
114,Evaluative Response,Evaluative: Prescriptive,57,125,0.456,2030,0.02807881773399015,j. Evaluative: Prescriptive
114,Evaluative Response,Evaluative: Reactive,68,125,0.544,2030,0.033497536945812804,i. Evaluative: Reactive
114,Inference,Inference: Causal,159,288,0.5520833333333334,2030,0.07832512315270936,e. Inference: Causal
114,Inference,Inference: Hypothetical,129,288,0.4479166666666667,2030,0.06354679802955665,f. Inference: Hypothetical
114,Prior Knowledge,Prior Knowledge: General,244,492,0.4959349593495935,2030,0.12019704433497537,g. Prior Knowledge: General
114,Prior Knowledge,Prior Knowledge: Personal,248,492,0.5040650406504065,2030,0.12216748768472907,h. Prior Knowledge: Personal
114,Visual Observation,Visual Observation: Chart Elements,186,757,0.24570673712021135,2030,0.0916256157635468,a. Visual Observation: Chart Elements
114,Visual Observation,Visual Observation: Data Extraction,138,757,0.18229854689564068,2030,0.06798029556650247,b. Visual Observation: Data Extraction
114,Visual Observation,Visual Observation: Pattern Recognition,433,757,0.571994715984148,2030,0.21330049261083744,c. Visual Observation: Pattern Recognition
115,Curiosity,Curiosity,542,542,1.0,3323,0.16310562744507975,d. Curiosity
115,Evaluative Response,Evaluative: Prescriptive,31,69,0.4492753623188406,3323,0.009328919650917845,j. Evaluative: Prescriptive
115,Evaluative Response,Evaluative: Reactive,38,69,0.5507246376811594,3323,0.011435449894673488,i. Evaluative: Reactive
115,Inference,Inference: Causal,547,877,0.6237172177879133,3323,0.1646102919049052,e. Inference: Causal
115,Inference,Inference: Hypothetical,330,877,0.37628278221208666,3323,0.09930785434848029,f. Inference: Hypothetical
115,Prior Knowledge,Prior Knowledge: General,496,908,0.5462555066079295,3323,0.14926271441468553,g. Prior Knowledge: General
115,Prior Knowledge,Prior Knowledge: Personal,412,908,0.45374449339207046,3323,0.12398435148961781,h. Prior Knowledge: Personal
115,Visual Observation,Visual Observation: Chart Elements,264,927,0.284789644012945,3323,0.07944628347878423,a. Visual Observation: Chart Elements
115,Visual Observation,Visual Observation: Data Extraction,229,927,0.24703344120819848,3323,0.06891363226000602,b. Visual Observation: Data Extraction
115,Visual Observation,Visual Observation: Pattern Recognition,434,927,0.46817691477885653,3323,0.13060487511284982,c. Visual Observation: Pattern Recognition
116,Curiosity,Curiosity,526,526,1.0,3426,0.1535318155283129,d. Curiosity
116,Evaluative Response,Evaluative: Prescriptive,103,229,0.4497816593886463,3426,0.030064214827787508,j. Evaluative: Prescriptive
116,Evaluative Response,Evaluative: Reactive,126,229,0.5502183406113537,3426,0.03677758318739054,i. Evaluative: Reactive
116,Inference,Inference: Causal,199,371,0.5363881401617251,3426,0.05808523058960887,e. Inference: Causal
116,Inference,Inference: Hypothetical,172,371,0.4636118598382749,3426,0.050204319906596614,f. Inference: Hypothetical
116,Prior Knowledge,Prior Knowledge: General,556,1005,0.5532338308457712,3426,0.16228838295388207,g. Prior Knowledge: General
116,Prior Knowledge,Prior Knowledge: Personal,449,1005,0.44676616915422884,3426,0.13105662580268534,h. Prior Knowledge: Personal
116,Visual Observation,Visual Observation: Chart Elements,295,1295,0.2277992277992278,3426,0.08610624635143024,a. Visual Observation: Chart Elements
116,Visual Observation,Visual Observation: Data Extraction,429,1295,0.3312741312741313,3426,0.12521891418563924,b. Visual Observation: Data Extraction
116,Visual Observation,Visual Observation: Pattern Recognition,571,1295,0.4409266409266409,3426,0.16666666666666666,c. Visual Observation: Pattern Recognition
117,Curiosity,Curiosity,644,644,1.0,3796,0.1696522655426765,d. Curiosity
117,Evaluative Response,Evaluative: Prescriptive,113,227,0.4977973568281938,3796,0.029768177028451002,j. Evaluative: Prescriptive
117,Evaluative Response,Evaluative: Reactive,114,227,0.5022026431718062,3796,0.030031612223393046,i. Evaluative: Reactive
117,Inference,Inference: Causal,283,689,0.4107402031930334,3796,0.07455216016859853,e. Inference: Causal
117,Inference,Inference: Hypothetical,406,689,0.5892597968069666,3796,0.10695468914646997,f. Inference: Hypothetical
117,Prior Knowledge,Prior Knowledge: General,344,820,0.4195121951219512,3796,0.09062170706006323,g. Prior Knowledge: General
117,Prior Knowledge,Prior Knowledge: Personal,476,820,0.5804878048780487,3796,0.12539515279241306,h. Prior Knowledge: Personal
117,Visual Observation,Visual Observation: Chart Elements,552,1416,0.3898305084745763,3796,0.14541622760800843,a. Visual Observation: Chart Elements
117,Visual Observation,Visual Observation: Data Extraction,299,1416,0.2111581920903955,3796,0.07876712328767123,b. Visual Observation: Data Extraction
117,Visual Observation,Visual Observation: Pattern Recognition,565,1416,0.3990112994350282,3796,0.148840885142255,c. Visual Observation: Pattern Recognition
118,Curiosity,Curiosity,608,608,1.0,3989,0.15241915266984207,d. Curiosity
118,Evaluative Response,Evaluative: Prescriptive,35,127,0.2755905511811024,3989,0.008774128854349462,j. Evaluative: Prescriptive
118,Evaluative Response,Evaluative: Reactive,92,127,0.7244094488188977,3989,0.023063424417147156,i. Evaluative: Reactive
118,Inference,Inference: Causal,239,544,0.43933823529411764,3989,0.059914765605414894,e. Inference: Causal
118,Inference,Inference: Hypothetical,305,544,0.5606617647058824,3989,0.07646026573075959,f. Inference: Hypothetical
118,Prior Knowledge,Prior Knowledge: General,598,1166,0.5128644939965694,3989,0.1499122587114565,g. Prior Knowledge: General
118,Prior Knowledge,Prior Knowledge: Personal,568,1166,0.48713550600343053,3989,0.14239157683629983,h. Prior Knowledge: Personal
118,Visual Observation,Visual Observation: Chart Elements,317,1544,0.20531088082901555,3989,0.07946853848082226,a. Visual Observation: Chart Elements
118,Visual Observation,Visual Observation: Data Extraction,233,1544,0.15090673575129535,3989,0.05841062923038356,b. Visual Observation: Data Extraction
118,Visual Observation,Visual Observation: Pattern Recognition,994,1544,0.6437823834196891,3989,0.24918525946352468,c. Visual Observation: Pattern Recognition
119,Curiosity,Curiosity,486,486,1.0,3583,0.1356405246999721,d. Curiosity
119,Evaluative Response,Evaluative: Prescriptive,96,213,0.4507042253521127,3583,0.026793190064192018,j. Evaluative: Prescriptive
119,Evaluative Response,Evaluative: Reactive,117,213,0.5492957746478874,3583,0.03265420039073402,i. Evaluative: Reactive
119,Inference,Inference: Causal,256,453,0.565121412803532,3583,0.07144850683784539,e. Inference: Causal
119,Inference,Inference: Hypothetical,197,453,0.434878587196468,3583,0.054981858777560705,f. Inference: Hypothetical
119,Prior Knowledge,Prior Knowledge: General,578,1162,0.4974182444061962,3583,0.16131733184482278,g. Prior Knowledge: General
119,Prior Knowledge,Prior Knowledge: Personal,584,1162,0.5025817555938038,3583,0.16299190622383478,h. Prior Knowledge: Personal
119,Visual Observation,Visual Observation: Chart Elements,241,1269,0.18991331757289204,3583,0.06726207089031538,a. Visual Observation: Chart Elements
119,Visual Observation,Visual Observation: Data Extraction,214,1269,0.16863672182821118,3583,0.059726486184761375,b. Visual Observation: Data Extraction
119,Visual Observation,Visual Observation: Pattern Recognition,814,1269,0.6414499605988968,3583,0.2271839240859615,c. Visual Observation: Pattern Recognition
12,Curiosity,Curiosity,94,94,1.0,504,0.1865079365079365,d. Curiosity
12,Evaluative Response,Evaluative: Reactive,24,24,1.0,504,0.047619047619047616,i. Evaluative: Reactive
12,Inference,Inference: Causal,26,43,0.6046511627906976,504,0.051587301587301584,e. Inference: Causal
12,Inference,Inference: Hypothetical,17,43,0.3953488372093023,504,0.03373015873015873,f. Inference: Hypothetical
12,Prior Knowledge,Prior Knowledge: General,47,80,0.5875,504,0.09325396825396826,g. Prior Knowledge: General
12,Prior Knowledge,Prior Knowledge: Personal,33,80,0.4125,504,0.06547619047619048,h. Prior Knowledge: Personal
12,Visual Observation,Visual Observation: Chart Elements,94,263,0.3574144486692015,504,0.1865079365079365,a. Visual Observation: Chart Elements
12,Visual Observation,Visual Observation: Data Extraction,8,263,0.030418250950570342,504,0.015873015873015872,b. Visual Observation: Data Extraction
12,Visual Observation,Visual Observation: Pattern Recognition,161,263,0.6121673003802282,504,0.3194444444444444,c. Visual Observation: Pattern Recognition
120,Curiosity,Curiosity,245,245,1.0,1465,0.16723549488054607,d. Curiosity
120,Evaluative Response,Evaluative: Prescriptive,5,50,0.1,1465,0.0034129692832764505,j. Evaluative: Prescriptive
120,Evaluative Response,Evaluative: Reactive,45,50,0.9,1465,0.030716723549488054,i. Evaluative: Reactive
120,Inference,Inference: Causal,92,152,0.6052631578947368,1465,0.06279863481228669,e. Inference: Causal
120,Inference,Inference: Hypothetical,60,152,0.39473684210526316,1465,0.040955631399317405,f. Inference: Hypothetical
120,Prior Knowledge,Prior Knowledge: General,116,344,0.3372093023255814,1465,0.07918088737201365,g. Prior Knowledge: General
120,Prior Knowledge,Prior Knowledge: Personal,228,344,0.6627906976744186,1465,0.15563139931740613,h. Prior Knowledge: Personal
120,Visual Observation,Visual Observation: Chart Elements,110,674,0.1632047477744807,1465,0.07508532423208192,a. Visual Observation: Chart Elements
120,Visual Observation,Visual Observation: Data Extraction,58,674,0.08605341246290801,1465,0.039590443686006824,b. Visual Observation: Data Extraction
120,Visual Observation,Visual Observation: Pattern Recognition,506,674,0.7507418397626113,1465,0.3453924914675768,c. Visual Observation: Pattern Recognition
121,Curiosity,Curiosity,339,339,1.0,2073,0.16353111432706222,d. Curiosity
121,Evaluative Response,Evaluative: Prescriptive,23,81,0.2839506172839506,2073,0.011095031355523395,j. Evaluative: Prescriptive
121,Evaluative Response,Evaluative: Reactive,58,81,0.7160493827160493,2073,0.027978774722624215,i. Evaluative: Reactive
121,Inference,Inference: Causal,103,179,0.5754189944134078,2073,0.049686444766039554,e. Inference: Causal
121,Inference,Inference: Hypothetical,76,179,0.4245810055865922,2073,0.036661842739990354,f. Inference: Hypothetical
121,Prior Knowledge,Prior Knowledge: General,184,499,0.3687374749498998,2073,0.08876025084418716,g. Prior Knowledge: General
121,Prior Knowledge,Prior Knowledge: Personal,315,499,0.6312625250501002,2073,0.15195369030390737,h. Prior Knowledge: Personal
121,Visual Observation,Visual Observation: Chart Elements,153,975,0.15692307692307692,2073,0.07380607814761216,a. Visual Observation: Chart Elements
121,Visual Observation,Visual Observation: Data Extraction,109,975,0.1117948717948718,2073,0.052580800771828265,b. Visual Observation: Data Extraction
121,Visual Observation,Visual Observation: Pattern Recognition,713,975,0.7312820512820513,2073,0.3439459720212253,c. Visual Observation: Pattern Recognition
122,Curiosity,Curiosity,193,193,1.0,1055,0.18293838862559242,d. Curiosity
122,Evaluative Response,Evaluative: Prescriptive,11,42,0.2619047619047619,1055,0.01042654028436019,j. Evaluative: Prescriptive
122,Evaluative Response,Evaluative: Reactive,31,42,0.7380952380952381,1055,0.029383886255924172,i. Evaluative: Reactive
122,Inference,Inference: Causal,36,189,0.19047619047619047,1055,0.034123222748815164,e. Inference: Causal
122,Inference,Inference: Hypothetical,153,189,0.8095238095238095,1055,0.14502369668246445,f. Inference: Hypothetical
122,Prior Knowledge,Prior Knowledge: General,132,259,0.5096525096525096,1055,0.12511848341232226,g. Prior Knowledge: General
122,Prior Knowledge,Prior Knowledge: Personal,127,259,0.49034749034749037,1055,0.12037914691943127,h. Prior Knowledge: Personal
122,Visual Observation,Visual Observation: Chart Elements,67,372,0.18010752688172044,1055,0.06350710900473934,a. Visual Observation: Chart Elements
122,Visual Observation,Visual Observation: Data Extraction,45,372,0.12096774193548387,1055,0.04265402843601896,b. Visual Observation: Data Extraction
122,Visual Observation,Visual Observation: Pattern Recognition,260,372,0.6989247311827957,1055,0.24644549763033174,c. Visual Observation: Pattern Recognition
123,Curiosity,Curiosity,446,446,1.0,2996,0.14886515353805074,d. Curiosity
123,Evaluative Response,Evaluative: Prescriptive,25,108,0.23148148148148148,2996,0.008344459279038718,j. Evaluative: Prescriptive
123,Evaluative Response,Evaluative: Reactive,83,108,0.7685185185185185,2996,0.027703604806408544,i. Evaluative: Reactive
123,Inference,Inference: Causal,237,382,0.6204188481675392,2996,0.07910547396528705,e. Inference: Causal
123,Inference,Inference: Hypothetical,145,382,0.3795811518324607,2996,0.048397863818424564,f. Inference: Hypothetical
123,Prior Knowledge,Prior Knowledge: General,529,921,0.5743756786102063,2996,0.1765687583444593,g. Prior Knowledge: General
123,Prior Knowledge,Prior Knowledge: Personal,392,921,0.4256243213897937,2996,0.1308411214953271,h. Prior Knowledge: Personal
123,Visual Observation,Visual Observation: Chart Elements,282,1139,0.247585601404741,2996,0.09412550066755675,a. Visual Observation: Chart Elements
123,Visual Observation,Visual Observation: Data Extraction,201,1139,0.17647058823529413,2996,0.0670894526034713,b. Visual Observation: Data Extraction
123,Visual Observation,Visual Observation: Pattern Recognition,656,1139,0.5759438103599649,2996,0.21895861148197596,c. Visual Observation: Pattern Recognition
124,Curiosity,Curiosity,303,303,1.0,1937,0.15642746515229736,d. Curiosity
124,Evaluative Response,Evaluative: Prescriptive,10,30,0.3333333333333333,1937,0.005162622612287042,j. Evaluative: Prescriptive
124,Evaluative Response,Evaluative: Reactive,20,30,0.6666666666666666,1937,0.010325245224574084,i. Evaluative: Reactive
124,Inference,Inference: Causal,270,434,0.6221198156682027,1937,0.13939081053175012,e. Inference: Causal
124,Inference,Inference: Hypothetical,164,434,0.3778801843317972,1937,0.08466701084150749,f. Inference: Hypothetical
124,Prior Knowledge,Prior Knowledge: General,338,627,0.5390749601275917,1937,0.174496644295302,g. Prior Knowledge: General
124,Prior Knowledge,Prior Knowledge: Personal,289,627,0.4609250398724083,1937,0.14919979349509552,h. Prior Knowledge: Personal
124,Visual Observation,Visual Observation: Chart Elements,86,543,0.15837937384898712,1937,0.04439855446566856,a. Visual Observation: Chart Elements
124,Visual Observation,Visual Observation: Data Extraction,88,543,0.16206261510128914,1937,0.04543107898812597,b. Visual Observation: Data Extraction
124,Visual Observation,Visual Observation: Pattern Recognition,369,543,0.6795580110497238,1937,0.19050077439339183,c. Visual Observation: Pattern Recognition
125,Curiosity,Curiosity,310,310,1.0,1882,0.1647183846971307,d. Curiosity
125,Evaluative Response,Evaluative: Prescriptive,10,28,0.35714285714285715,1882,0.005313496280552604,j. Evaluative: Prescriptive
125,Evaluative Response,Evaluative: Reactive,18,28,0.6428571428571429,1882,0.009564293304994687,i. Evaluative: Reactive
125,Inference,Inference: Causal,253,414,0.6111111111111112,1882,0.13443145589798086,e. Inference: Causal
125,Inference,Inference: Hypothetical,161,414,0.3888888888888889,1882,0.08554729011689692,f. Inference: Hypothetical
125,Prior Knowledge,Prior Knowledge: General,280,581,0.4819277108433735,1882,0.1487778958554729,g. Prior Knowledge: General
125,Prior Knowledge,Prior Knowledge: Personal,301,581,0.5180722891566265,1882,0.15993623804463336,h. Prior Knowledge: Personal
125,Visual Observation,Visual Observation: Chart Elements,81,549,0.14754098360655737,1882,0.04303931987247609,a. Visual Observation: Chart Elements
125,Visual Observation,Visual Observation: Data Extraction,90,549,0.16393442622950818,1882,0.04782146652497343,b. Visual Observation: Data Extraction
125,Visual Observation,Visual Observation: Pattern Recognition,378,549,0.6885245901639344,1882,0.20085015940488843,c. Visual Observation: Pattern Recognition
126,Curiosity,Curiosity,460,460,1.0,2863,0.16067062521830247,d. Curiosity
126,Evaluative Response,Evaluative: Prescriptive,43,92,0.4673913043478261,2863,0.015019210618232623,j. Evaluative: Prescriptive
126,Evaluative Response,Evaluative: Reactive,49,92,0.532608695652174,2863,0.017114914425427872,i. Evaluative: Reactive
126,Inference,Inference: Causal,155,334,0.46407185628742514,2863,0.05413901501921062,e. Inference: Causal
126,Inference,Inference: Hypothetical,179,334,0.5359281437125748,2863,0.06252183024799161,f. Inference: Hypothetical
126,Prior Knowledge,Prior Knowledge: General,368,788,0.467005076142132,2863,0.128536500174642,g. Prior Knowledge: General
126,Prior Knowledge,Prior Knowledge: Personal,420,788,0.5329949238578681,2863,0.1466992665036675,h. Prior Knowledge: Personal
126,Visual Observation,Visual Observation: Chart Elements,331,1189,0.2783851976450799,2863,0.11561299336360462,a. Visual Observation: Chart Elements
126,Visual Observation,Visual Observation: Data Extraction,215,1189,0.1808242220353238,2863,0.07509605309116311,b. Visual Observation: Data Extraction
126,Visual Observation,Visual Observation: Pattern Recognition,643,1189,0.5407905803195963,2863,0.2245895913377576,c. Visual Observation: Pattern Recognition
127,Curiosity,Curiosity,380,380,1.0,2229,0.17048003589053387,d. Curiosity
127,Evaluative Response,Evaluative: Prescriptive,51,92,0.5543478260869565,2229,0.02288021534320323,j. Evaluative: Prescriptive
127,Evaluative Response,Evaluative: Reactive,41,92,0.44565217391304346,2229,0.018393898609241812,i. Evaluative: Reactive
127,Inference,Inference: Causal,93,209,0.4449760765550239,2229,0.04172274562584118,e. Inference: Causal
127,Inference,Inference: Hypothetical,116,209,0.5550239234449761,2229,0.05204127411395244,f. Inference: Hypothetical
127,Prior Knowledge,Prior Knowledge: General,198,577,0.3431542461005199,2229,0.08882907133243607,g. Prior Knowledge: General
127,Prior Knowledge,Prior Knowledge: Personal,379,577,0.6568457538994801,2229,0.17003140421713772,h. Prior Knowledge: Personal
127,Visual Observation,Visual Observation: Chart Elements,199,971,0.20494335736354274,2229,0.08927770300583221,a. Visual Observation: Chart Elements
127,Visual Observation,Visual Observation: Data Extraction,198,971,0.203913491246138,2229,0.08882907133243607,b. Visual Observation: Data Extraction
127,Visual Observation,Visual Observation: Pattern Recognition,574,971,0.5911431513903193,2229,0.25751458052938536,c. Visual Observation: Pattern Recognition
128,Curiosity,Curiosity,389,389,1.0,2314,0.16810717372515124,d. Curiosity
128,Evaluative Response,Evaluative: Prescriptive,40,113,0.35398230088495575,2314,0.01728608470181504,j. Evaluative: Prescriptive
128,Evaluative Response,Evaluative: Reactive,73,113,0.6460176991150443,2314,0.031547104580812446,i. Evaluative: Reactive
128,Inference,Inference: Causal,142,418,0.3397129186602871,2314,0.06136560069144339,e. Inference: Causal
128,Inference,Inference: Hypothetical,276,418,0.6602870813397129,2314,0.11927398444252377,f. Inference: Hypothetical
128,Prior Knowledge,Prior Knowledge: General,383,629,0.6089030206677265,2314,0.165514261019879,g. Prior Knowledge: General
128,Prior Knowledge,Prior Knowledge: Personal,246,629,0.39109697933227344,2314,0.1063094209161625,h. Prior Knowledge: Personal
128,Visual Observation,Visual Observation: Chart Elements,205,765,0.2679738562091503,2314,0.08859118409680207,a. Visual Observation: Chart Elements
128,Visual Observation,Visual Observation: Data Extraction,145,765,0.1895424836601307,2314,0.06266205704407951,b. Visual Observation: Data Extraction
128,Visual Observation,Visual Observation: Pattern Recognition,415,765,0.5424836601307189,2314,0.17934312878133102,c. Visual Observation: Pattern Recognition
129,Curiosity,Curiosity,463,463,1.0,2870,0.1613240418118467,d. Curiosity
129,Evaluative Response,Evaluative: Prescriptive,18,80,0.225,2870,0.0062717770034843206,j. Evaluative: Prescriptive
129,Evaluative Response,Evaluative: Reactive,62,80,0.775,2870,0.021602787456445994,i. Evaluative: Reactive
129,Inference,Inference: Causal,180,324,0.5555555555555556,2870,0.0627177700348432,e. Inference: Causal
129,Inference,Inference: Hypothetical,144,324,0.4444444444444444,2870,0.050174216027874564,f. Inference: Hypothetical
129,Prior Knowledge,Prior Knowledge: General,509,835,0.6095808383233533,2870,0.17735191637630662,g. Prior Knowledge: General
129,Prior Knowledge,Prior Knowledge: Personal,326,835,0.3904191616766467,2870,0.11358885017421602,h. Prior Knowledge: Personal
129,Visual Observation,Visual Observation: Chart Elements,570,1168,0.488013698630137,2870,0.1986062717770035,a. Visual Observation: Chart Elements
129,Visual Observation,Visual Observation: Data Extraction,108,1168,0.09246575342465753,2870,0.037630662020905925,b. Visual Observation: Data Extraction
129,Visual Observation,Visual Observation: Pattern Recognition,490,1168,0.4195205479452055,2870,0.17073170731707318,c. Visual Observation: Pattern Recognition
13,Curiosity,Curiosity,41,41,1.0,267,0.15355805243445692,d. Curiosity
13,Evaluative Response,Evaluative: Prescriptive,1,12,0.08333333333333333,267,0.003745318352059925,j. Evaluative: Prescriptive
13,Evaluative Response,Evaluative: Reactive,11,12,0.9166666666666666,267,0.04119850187265917,i. Evaluative: Reactive
13,Inference,Inference: Causal,22,39,0.5641025641025641,267,0.08239700374531835,e. Inference: Causal
13,Inference,Inference: Hypothetical,17,39,0.4358974358974359,267,0.06367041198501873,f. Inference: Hypothetical
13,Prior Knowledge,Prior Knowledge: General,12,21,0.5714285714285714,267,0.0449438202247191,g. Prior Knowledge: General
13,Prior Knowledge,Prior Knowledge: Personal,9,21,0.42857142857142855,267,0.033707865168539325,h. Prior Knowledge: Personal
13,Visual Observation,Visual Observation: Chart Elements,55,154,0.35714285714285715,267,0.20599250936329588,a. Visual Observation: Chart Elements
13,Visual Observation,Visual Observation: Data Extraction,35,154,0.22727272727272727,267,0.13108614232209737,b. Visual Observation: Data Extraction
13,Visual Observation,Visual Observation: Pattern Recognition,64,154,0.4155844155844156,267,0.2397003745318352,c. Visual Observation: Pattern Recognition
130,Curiosity,Curiosity,470,470,1.0,2948,0.15943012211668928,d. Curiosity
130,Evaluative Response,Evaluative: Prescriptive,133,212,0.6273584905660378,2948,0.04511533242876527,j. Evaluative: Prescriptive
130,Evaluative Response,Evaluative: Reactive,79,212,0.37264150943396224,2948,0.026797829036635006,i. Evaluative: Reactive
130,Inference,Inference: Causal,192,349,0.5501432664756447,2948,0.06512890094979647,e. Inference: Causal
130,Inference,Inference: Hypothetical,157,349,0.4498567335243553,2948,0.053256445047489824,f. Inference: Hypothetical
130,Prior Knowledge,Prior Knowledge: General,392,814,0.48157248157248156,2948,0.13297150610583447,g. Prior Knowledge: General
130,Prior Knowledge,Prior Knowledge: Personal,422,814,0.5184275184275184,2948,0.14314789687924015,h. Prior Knowledge: Personal
130,Visual Observation,Visual Observation: Chart Elements,271,1103,0.2456935630099728,2948,0.09192672998643148,a. Visual Observation: Chart Elements
130,Visual Observation,Visual Observation: Data Extraction,179,1103,0.16228467815049863,2948,0.060719131614654004,b. Visual Observation: Data Extraction
130,Visual Observation,Visual Observation: Pattern Recognition,653,1103,0.5920217588395286,2948,0.22150610583446403,c. Visual Observation: Pattern Recognition
131,Curiosity,Curiosity,475,475,1.0,2868,0.16562064156206416,d. Curiosity
131,Evaluative Response,Evaluative: Prescriptive,91,198,0.4595959595959596,2868,0.03172942817294282,j. Evaluative: Prescriptive
131,Evaluative Response,Evaluative: Reactive,107,198,0.5404040404040404,2868,0.03730822873082287,i. Evaluative: Reactive
131,Inference,Inference: Causal,165,347,0.4755043227665706,2868,0.05753138075313807,e. Inference: Causal
131,Inference,Inference: Hypothetical,182,347,0.5244956772334294,2868,0.06345885634588563,f. Inference: Hypothetical
131,Prior Knowledge,Prior Knowledge: General,521,978,0.532719836400818,2868,0.1816596931659693,g. Prior Knowledge: General
131,Prior Knowledge,Prior Knowledge: Personal,457,978,0.467280163599182,2868,0.1593444909344491,h. Prior Knowledge: Personal
131,Visual Observation,Visual Observation: Chart Elements,254,870,0.29195402298850576,2868,0.08856345885634588,a. Visual Observation: Chart Elements
131,Visual Observation,Visual Observation: Data Extraction,150,870,0.1724137931034483,2868,0.05230125523012552,b. Visual Observation: Data Extraction
131,Visual Observation,Visual Observation: Pattern Recognition,466,870,0.535632183908046,2868,0.16248256624825663,c. Visual Observation: Pattern Recognition
132,Curiosity,Curiosity,166,166,1.0,1087,0.15271389144434222,d. Curiosity
132,Evaluative Response,Evaluative: Prescriptive,19,31,0.6129032258064516,1087,0.017479300827966882,j. Evaluative: Prescriptive
132,Evaluative Response,Evaluative: Reactive,12,31,0.3870967741935484,1087,0.011039558417663294,i. Evaluative: Reactive
132,Inference,Inference: Causal,108,209,0.5167464114832536,1087,0.09935602575896964,e. Inference: Causal
132,Inference,Inference: Hypothetical,101,209,0.48325358851674644,1087,0.09291628334866606,f. Inference: Hypothetical
132,Prior Knowledge,Prior Knowledge: General,155,292,0.5308219178082192,1087,0.14259429622815087,g. Prior Knowledge: General
132,Prior Knowledge,Prior Knowledge: Personal,137,292,0.4691780821917808,1087,0.12603495860165592,h. Prior Knowledge: Personal
132,Visual Observation,Visual Observation: Chart Elements,32,389,0.08226221079691516,1087,0.029438822447102116,a. Visual Observation: Chart Elements
132,Visual Observation,Visual Observation: Data Extraction,53,389,0.13624678663239073,1087,0.04875804967801288,b. Visual Observation: Data Extraction
132,Visual Observation,Visual Observation: Pattern Recognition,304,389,0.781491002570694,1087,0.2796688132474701,c. Visual Observation: Pattern Recognition
133,Curiosity,Curiosity,335,335,1.0,1839,0.1821642196846112,d. Curiosity
133,Evaluative Response,Evaluative: Prescriptive,92,138,0.6666666666666666,1839,0.05002718868950517,j. Evaluative: Prescriptive
133,Evaluative Response,Evaluative: Reactive,46,138,0.3333333333333333,1839,0.025013594344752584,i. Evaluative: Reactive
133,Inference,Inference: Causal,102,248,0.4112903225806452,1839,0.05546492659053834,e. Inference: Causal
133,Inference,Inference: Hypothetical,146,248,0.5887096774193549,1839,0.07939097335508428,f. Inference: Hypothetical
133,Prior Knowledge,Prior Knowledge: General,254,506,0.5019762845849802,1839,0.13811854268624252,g. Prior Knowledge: General
133,Prior Knowledge,Prior Knowledge: Personal,252,506,0.4980237154150198,1839,0.1370309951060359,h. Prior Knowledge: Personal
133,Visual Observation,Visual Observation: Chart Elements,146,612,0.238562091503268,1839,0.07939097335508428,a. Visual Observation: Chart Elements
133,Visual Observation,Visual Observation: Data Extraction,56,612,0.0915032679738562,1839,0.030451332245785754,b. Visual Observation: Data Extraction
133,Visual Observation,Visual Observation: Pattern Recognition,410,612,0.6699346405228758,1839,0.22294725394235998,c. Visual Observation: Pattern Recognition
134,Curiosity,Curiosity,237,237,1.0,1192,0.1988255033557047,d. Curiosity
134,Evaluative Response,Evaluative: Prescriptive,25,50,0.5,1192,0.02097315436241611,j. Evaluative: Prescriptive
134,Evaluative Response,Evaluative: Reactive,25,50,0.5,1192,0.02097315436241611,i. Evaluative: Reactive
134,Inference,Inference: Causal,93,168,0.5535714285714286,1192,0.07802013422818792,e. Inference: Causal
134,Inference,Inference: Hypothetical,75,168,0.44642857142857145,1192,0.06291946308724833,f. Inference: Hypothetical
134,Prior Knowledge,Prior Knowledge: General,119,311,0.38263665594855306,1192,0.09983221476510067,g. Prior Knowledge: General
134,Prior Knowledge,Prior Knowledge: Personal,192,311,0.617363344051447,1192,0.1610738255033557,h. Prior Knowledge: Personal
134,Visual Observation,Visual Observation: Chart Elements,64,426,0.15023474178403756,1192,0.053691275167785234,a. Visual Observation: Chart Elements
134,Visual Observation,Visual Observation: Data Extraction,78,426,0.18309859154929578,1192,0.06543624161073826,b. Visual Observation: Data Extraction
134,Visual Observation,Visual Observation: Pattern Recognition,284,426,0.6666666666666666,1192,0.23825503355704697,c. Visual Observation: Pattern Recognition
135,Curiosity,Curiosity,214,214,1.0,1450,0.14758620689655172,d. Curiosity
135,Evaluative Response,Evaluative: Prescriptive,42,120,0.35,1450,0.028965517241379312,j. Evaluative: Prescriptive
135,Evaluative Response,Evaluative: Reactive,78,120,0.65,1450,0.05379310344827586,i. Evaluative: Reactive
135,Inference,Inference: Causal,127,179,0.7094972067039106,1450,0.08758620689655172,e. Inference: Causal
135,Inference,Inference: Hypothetical,52,179,0.2905027932960894,1450,0.03586206896551724,f. Inference: Hypothetical
135,Prior Knowledge,Prior Knowledge: General,171,377,0.4535809018567639,1450,0.11793103448275861,g. Prior Knowledge: General
135,Prior Knowledge,Prior Knowledge: Personal,206,377,0.5464190981432361,1450,0.14206896551724138,h. Prior Knowledge: Personal
135,Visual Observation,Visual Observation: Chart Elements,92,560,0.16428571428571428,1450,0.06344827586206897,a. Visual Observation: Chart Elements
135,Visual Observation,Visual Observation: Data Extraction,26,560,0.04642857142857143,1450,0.01793103448275862,b. Visual Observation: Data Extraction
135,Visual Observation,Visual Observation: Pattern Recognition,442,560,0.7892857142857143,1450,0.30482758620689654,c. Visual Observation: Pattern Recognition
136,Curiosity,Curiosity,560,560,1.0,3143,0.17817371937639198,d. Curiosity
136,Evaluative Response,Evaluative: Prescriptive,15,174,0.08620689655172414,3143,0.004772510340439071,j. Evaluative: Prescriptive
136,Evaluative Response,Evaluative: Reactive,159,174,0.9137931034482759,3143,0.050588609608654155,i. Evaluative: Reactive
136,Inference,Inference: Causal,127,297,0.4276094276094276,3143,0.04040725421571747,e. Inference: Causal
136,Inference,Inference: Hypothetical,170,297,0.5723905723905723,3143,0.054088450524976135,f. Inference: Hypothetical
136,Prior Knowledge,Prior Knowledge: General,240,547,0.43875685557586835,3143,0.07636016544702513,g. Prior Knowledge: General
136,Prior Knowledge,Prior Knowledge: Personal,307,547,0.5612431444241316,3143,0.09767737830098631,h. Prior Knowledge: Personal
136,Visual Observation,Visual Observation: Chart Elements,437,1565,0.2792332268370607,3143,0.1390391345847916,a. Visual Observation: Chart Elements
136,Visual Observation,Visual Observation: Data Extraction,281,1565,0.17955271565495207,3143,0.08940502704422526,b. Visual Observation: Data Extraction
136,Visual Observation,Visual Observation: Pattern Recognition,847,1565,0.5412140575079872,3143,0.26948775055679286,c. Visual Observation: Pattern Recognition
137,Curiosity,Curiosity,812,812,1.0,4302,0.1887494188749419,d. Curiosity
137,Evaluative Response,Evaluative: Prescriptive,70,155,0.45161290322580644,4302,0.016271501627150162,j. Evaluative: Prescriptive
137,Evaluative Response,Evaluative: Reactive,85,155,0.5483870967741935,4302,0.019758251975825196,i. Evaluative: Reactive
137,Inference,Inference: Causal,236,637,0.3704866562009419,4302,0.05485820548582055,e. Inference: Causal
137,Inference,Inference: Hypothetical,401,637,0.6295133437990581,4302,0.09321245932124593,f. Inference: Hypothetical
137,Prior Knowledge,Prior Knowledge: General,434,954,0.4549266247379455,4302,0.10088331008833101,g. Prior Knowledge: General
137,Prior Knowledge,Prior Knowledge: Personal,520,954,0.5450733752620545,4302,0.12087401208740121,h. Prior Knowledge: Personal
137,Visual Observation,Visual Observation: Chart Elements,423,1744,0.24254587155963303,4302,0.09832635983263599,a. Visual Observation: Chart Elements
137,Visual Observation,Visual Observation: Data Extraction,461,1744,0.2643348623853211,4302,0.10715946071594608,b. Visual Observation: Data Extraction
137,Visual Observation,Visual Observation: Pattern Recognition,860,1744,0.49311926605504586,4302,0.199907019990702,c. Visual Observation: Pattern Recognition
139,Curiosity,Curiosity,727,727,1.0,4381,0.16594384843643004,d. Curiosity
139,Evaluative Response,Evaluative: Prescriptive,291,378,0.7698412698412699,4381,0.06642319105227117,j. Evaluative: Prescriptive
139,Evaluative Response,Evaluative: Reactive,87,378,0.23015873015873015,4381,0.01985847979913262,i. Evaluative: Reactive
139,Inference,Inference: Causal,173,392,0.4413265306122449,4381,0.03948870120976946,e. Inference: Causal
139,Inference,Inference: Hypothetical,219,392,0.5586734693877551,4381,0.049988587080575214,f. Inference: Hypothetical
139,Prior Knowledge,Prior Knowledge: General,499,1137,0.4388742304309587,4381,0.11390093585939283,g. Prior Knowledge: General
139,Prior Knowledge,Prior Knowledge: Personal,638,1137,0.5611257695690414,4381,0.14562885186030586,h. Prior Knowledge: Personal
139,Visual Observation,Visual Observation: Chart Elements,524,1747,0.2999427590154551,4381,0.11960739557178726,a. Visual Observation: Chart Elements
139,Visual Observation,Visual Observation: Data Extraction,213,1747,0.12192329708070979,4381,0.048619036749600546,b. Visual Observation: Data Extraction
139,Visual Observation,Visual Observation: Pattern Recognition,1010,1747,0.5781339439038351,4381,0.23054097238073498,c. Visual Observation: Pattern Recognition
14,Curiosity,Curiosity,118,118,1.0,569,0.20738137082601055,d. Curiosity
14,Evaluative Response,Evaluative: Prescriptive,15,40,0.375,569,0.026362038664323375,j. Evaluative: Prescriptive
14,Evaluative Response,Evaluative: Reactive,25,40,0.625,569,0.043936731107205626,i. Evaluative: Reactive
14,Inference,Inference: Causal,18,51,0.35294117647058826,569,0.03163444639718805,e. Inference: Causal
14,Inference,Inference: Hypothetical,33,51,0.6470588235294118,569,0.05799648506151142,f. Inference: Hypothetical
14,Prior Knowledge,Prior Knowledge: General,53,59,0.8983050847457628,569,0.09314586994727592,g. Prior Knowledge: General
14,Prior Knowledge,Prior Knowledge: Personal,6,59,0.1016949152542373,569,0.01054481546572935,h. Prior Knowledge: Personal
14,Visual Observation,Visual Observation: Chart Elements,145,301,0.48172757475083056,569,0.2548330404217926,a. Visual Observation: Chart Elements
14,Visual Observation,Visual Observation: Data Extraction,54,301,0.17940199335548174,569,0.09490333919156414,b. Visual Observation: Data Extraction
14,Visual Observation,Visual Observation: Pattern Recognition,102,301,0.3388704318936877,569,0.17926186291739896,c. Visual Observation: Pattern Recognition
140,Curiosity,Curiosity,875,875,1.0,5039,0.17364556459615002,d. Curiosity
140,Evaluative Response,Evaluative: Prescriptive,32,96,0.3333333333333333,5039,0.006350466362373487,j. Evaluative: Prescriptive
140,Evaluative Response,Evaluative: Reactive,64,96,0.6666666666666666,5039,0.012700932724746974,i. Evaluative: Reactive
140,Inference,Inference: Causal,307,478,0.6422594142259415,5039,0.06092478666402064,e. Inference: Causal
140,Inference,Inference: Hypothetical,171,478,0.3577405857740586,5039,0.03393530462393332,f. Inference: Hypothetical
140,Prior Knowledge,Prior Knowledge: General,539,1447,0.3724948168624741,5039,0.10696566779122842,g. Prior Knowledge: General
140,Prior Knowledge,Prior Knowledge: Personal,908,1447,0.6275051831375259,5039,0.1801944830323477,h. Prior Knowledge: Personal
140,Visual Observation,Visual Observation: Chart Elements,480,2143,0.22398506766215587,5039,0.0952569954356023,a. Visual Observation: Chart Elements
140,Visual Observation,Visual Observation: Data Extraction,230,2143,0.10732617825478301,5039,0.045643976979559436,b. Visual Observation: Data Extraction
140,Visual Observation,Visual Observation: Pattern Recognition,1433,2143,0.6686887540830612,5039,0.2843818217900377,c. Visual Observation: Pattern Recognition
141,Curiosity,Curiosity,495,495,1.0,2648,0.18693353474320243,d. Curiosity
141,Evaluative Response,Evaluative: Prescriptive,27,83,0.3253012048192771,2648,0.010196374622356496,j. Evaluative: Prescriptive
141,Evaluative Response,Evaluative: Reactive,56,83,0.6746987951807228,2648,0.021148036253776436,i. Evaluative: Reactive
141,Inference,Inference: Causal,208,292,0.7123287671232876,2648,0.07854984894259819,e. Inference: Causal
141,Inference,Inference: Hypothetical,84,292,0.2876712328767123,2648,0.03172205438066465,f. Inference: Hypothetical
141,Prior Knowledge,Prior Knowledge: General,236,801,0.29463171036204744,2648,0.0891238670694864,g. Prior Knowledge: General
141,Prior Knowledge,Prior Knowledge: Personal,565,801,0.7053682896379525,2648,0.21336858006042297,h. Prior Knowledge: Personal
141,Visual Observation,Visual Observation: Chart Elements,162,977,0.16581371545547594,2648,0.06117824773413897,a. Visual Observation: Chart Elements
141,Visual Observation,Visual Observation: Data Extraction,199,977,0.20368474923234392,2648,0.07515105740181269,b. Visual Observation: Data Extraction
141,Visual Observation,Visual Observation: Pattern Recognition,616,977,0.6305015353121801,2648,0.2326283987915408,c. Visual Observation: Pattern Recognition
142,Curiosity,Curiosity,566,566,1.0,2818,0.20085166784953867,d. Curiosity
142,Evaluative Response,Evaluative: Prescriptive,67,140,0.4785714285714286,2818,0.023775727466288147,j. Evaluative: Prescriptive
142,Evaluative Response,Evaluative: Reactive,73,140,0.5214285714285715,2818,0.025904897090134847,i. Evaluative: Reactive
142,Inference,Inference: Causal,121,245,0.49387755102040815,2818,0.04293825408090845,e. Inference: Causal
142,Inference,Inference: Hypothetical,124,245,0.5061224489795918,2818,0.0440028388928318,f. Inference: Hypothetical
142,Prior Knowledge,Prior Knowledge: General,256,705,0.36312056737588655,2818,0.0908445706174592,g. Prior Knowledge: General
142,Prior Knowledge,Prior Knowledge: Personal,449,705,0.6368794326241135,2818,0.15933286018452802,h. Prior Knowledge: Personal
142,Visual Observation,Visual Observation: Chart Elements,239,1162,0.20567986230636834,2818,0.08481192334989354,a. Visual Observation: Chart Elements
142,Visual Observation,Visual Observation: Data Extraction,181,1162,0.15576592082616178,2818,0.06422995031937544,b. Visual Observation: Data Extraction
142,Visual Observation,Visual Observation: Pattern Recognition,742,1162,0.6385542168674698,2818,0.26330731014904185,c. Visual Observation: Pattern Recognition
143,Curiosity,Curiosity,706,706,1.0,4766,0.14813260595887537,d. Curiosity
143,Evaluative Response,Evaluative: Prescriptive,130,200,0.65,4766,0.027276542173730593,j. Evaluative: Prescriptive
143,Evaluative Response,Evaluative: Reactive,70,200,0.35,4766,0.014687368862778011,i. Evaluative: Reactive
143,Inference,Inference: Causal,236,711,0.3319268635724332,4766,0.04951741502308015,e. Inference: Causal
143,Inference,Inference: Hypothetical,475,711,0.6680731364275668,4766,0.09966428871170793,f. Inference: Hypothetical
143,Prior Knowledge,Prior Knowledge: General,510,1366,0.3733528550512445,4766,0.10700797314309694,g. Prior Knowledge: General
143,Prior Knowledge,Prior Knowledge: Personal,856,1366,0.6266471449487555,4766,0.17960553923625683,h. Prior Knowledge: Personal
143,Visual Observation,Visual Observation: Chart Elements,399,1783,0.2237801458216489,4766,0.08371800251783466,a. Visual Observation: Chart Elements
143,Visual Observation,Visual Observation: Data Extraction,162,1783,0.09085810431856421,4766,0.03399076793957197,b. Visual Observation: Data Extraction
143,Visual Observation,Visual Observation: Pattern Recognition,1222,1783,0.6853617498597869,4766,0.2563994964330676,c. Visual Observation: Pattern Recognition
147,Curiosity,Curiosity,347,347,1.0,2273,0.15266168059832821,d. Curiosity
147,Evaluative Response,Evaluative: Prescriptive,41,101,0.40594059405940597,2273,0.01803783545974483,j. Evaluative: Prescriptive
147,Evaluative Response,Evaluative: Reactive,60,101,0.594059405940594,2273,0.026396832380114386,i. Evaluative: Reactive
147,Inference,Inference: Causal,182,306,0.5947712418300654,2273,0.08007039155301364,e. Inference: Causal
147,Inference,Inference: Hypothetical,124,306,0.40522875816993464,2273,0.05455345358556973,f. Inference: Hypothetical
147,Prior Knowledge,Prior Knowledge: General,355,711,0.49929676511954996,2273,0.1561812582490101,g. Prior Knowledge: General
147,Prior Knowledge,Prior Knowledge: Personal,356,711,0.5007032348804501,2273,0.15662120545534536,h. Prior Knowledge: Personal
147,Visual Observation,Visual Observation: Chart Elements,120,808,0.1485148514851485,2273,0.05279366476022877,a. Visual Observation: Chart Elements
147,Visual Observation,Visual Observation: Data Extraction,117,808,0.1448019801980198,2273,0.051473823141223056,b. Visual Observation: Data Extraction
147,Visual Observation,Visual Observation: Pattern Recognition,571,808,0.7066831683168316,2273,0.2512098548174219,c. Visual Observation: Pattern Recognition
148,Curiosity,Curiosity,368,368,1.0,2231,0.16494845360824742,d. Curiosity
148,Evaluative Response,Evaluative: Prescriptive,18,62,0.2903225806451613,2231,0.008068130883012102,j. Evaluative: Prescriptive
148,Evaluative Response,Evaluative: Reactive,44,62,0.7096774193548387,2231,0.019722097714029583,i. Evaluative: Reactive
148,Inference,Inference: Causal,143,456,0.31359649122807015,2231,0.06409681757059614,e. Inference: Causal
148,Inference,Inference: Hypothetical,313,456,0.6864035087719298,2231,0.14029583146571045,f. Inference: Hypothetical
148,Prior Knowledge,Prior Knowledge: General,225,680,0.33088235294117646,2231,0.10085163603765128,g. Prior Knowledge: General
148,Prior Knowledge,Prior Knowledge: Personal,455,680,0.6691176470588235,2231,0.20394441954280593,h. Prior Knowledge: Personal
148,Visual Observation,Visual Observation: Chart Elements,87,665,0.13082706766917293,2231,0.038995965934558494,a. Visual Observation: Chart Elements
148,Visual Observation,Visual Observation: Data Extraction,130,665,0.19548872180451127,2231,0.05826983415508741,b. Visual Observation: Data Extraction
148,Visual Observation,Visual Observation: Pattern Recognition,448,665,0.6736842105263158,2231,0.2008068130883012,c. Visual Observation: Pattern Recognition
149,Curiosity,Curiosity,494,494,1.0,2691,0.18357487922705315,d. Curiosity
149,Evaluative Response,Evaluative: Prescriptive,61,135,0.45185185185185184,2691,0.022668153102935712,j. Evaluative: Prescriptive
149,Evaluative Response,Evaluative: Reactive,74,135,0.5481481481481482,2691,0.027499070977331848,i. Evaluative: Reactive
149,Inference,Inference: Causal,176,386,0.45595854922279794,2691,0.06540319583797845,e. Inference: Causal
149,Inference,Inference: Hypothetical,210,386,0.5440414507772021,2691,0.07803790412486064,f. Inference: Hypothetical
149,Prior Knowledge,Prior Knowledge: General,344,721,0.47711511789181693,2691,0.12783351913786697,g. Prior Knowledge: General
149,Prior Knowledge,Prior Knowledge: Personal,377,721,0.5228848821081831,2691,0.14009661835748793,h. Prior Knowledge: Personal
149,Visual Observation,Visual Observation: Chart Elements,149,955,0.15602094240837697,2691,0.055369751021924936,a. Visual Observation: Chart Elements
149,Visual Observation,Visual Observation: Data Extraction,132,955,0.1382198952879581,2691,0.04905239687848383,b. Visual Observation: Data Extraction
149,Visual Observation,Visual Observation: Pattern Recognition,674,955,0.7057591623036649,2691,0.25046451133407654,c. Visual Observation: Pattern Recognition
15,Curiosity,Curiosity,107,107,1.0,533,0.20075046904315197,d. Curiosity
15,Evaluative Response,Evaluative: Prescriptive,5,21,0.23809523809523808,533,0.009380863039399626,j. Evaluative: Prescriptive
15,Evaluative Response,Evaluative: Reactive,16,21,0.7619047619047619,533,0.0300187617260788,i. Evaluative: Reactive
15,Inference,Inference: Causal,35,78,0.44871794871794873,533,0.06566604127579738,e. Inference: Causal
15,Inference,Inference: Hypothetical,43,78,0.5512820512820513,533,0.08067542213883677,f. Inference: Hypothetical
15,Prior Knowledge,Prior Knowledge: General,37,44,0.8409090909090909,533,0.06941838649155722,g. Prior Knowledge: General
15,Prior Knowledge,Prior Knowledge: Personal,7,44,0.1590909090909091,533,0.013133208255159476,h. Prior Knowledge: Personal
15,Visual Observation,Visual Observation: Chart Elements,74,283,0.26148409893992935,533,0.13883677298311445,a. Visual Observation: Chart Elements
15,Visual Observation,Visual Observation: Data Extraction,29,283,0.10247349823321555,533,0.054409005628517824,b. Visual Observation: Data Extraction
15,Visual Observation,Visual Observation: Pattern Recognition,180,283,0.6360424028268551,533,0.33771106941838647,c. Visual Observation: Pattern Recognition
150,Curiosity,Curiosity,637,637,1.0,4004,0.1590909090909091,d. Curiosity
150,Evaluative Response,Evaluative: Prescriptive,36,131,0.2748091603053435,4004,0.008991008991008992,j. Evaluative: Prescriptive
150,Evaluative Response,Evaluative: Reactive,95,131,0.7251908396946565,4004,0.023726273726273728,i. Evaluative: Reactive
150,Inference,Inference: Causal,321,604,0.5314569536423841,4004,0.08016983016983018,e. Inference: Causal
150,Inference,Inference: Hypothetical,283,604,0.4685430463576159,4004,0.07067932067932067,f. Inference: Hypothetical
150,Prior Knowledge,Prior Knowledge: General,451,1124,0.4012455516014235,4004,0.11263736263736264,g. Prior Knowledge: General
150,Prior Knowledge,Prior Knowledge: Personal,673,1124,0.5987544483985765,4004,0.16808191808191808,h. Prior Knowledge: Personal
150,Visual Observation,Visual Observation: Chart Elements,155,1508,0.10278514588859416,4004,0.03871128871128871,a. Visual Observation: Chart Elements
150,Visual Observation,Visual Observation: Data Extraction,111,1508,0.07360742705570292,4004,0.027722277722277724,b. Visual Observation: Data Extraction
150,Visual Observation,Visual Observation: Pattern Recognition,1242,1508,0.8236074270557029,4004,0.3101898101898102,c. Visual Observation: Pattern Recognition
151,Curiosity,Curiosity,395,395,1.0,2265,0.17439293598233996,d. Curiosity
151,Evaluative Response,Evaluative: Prescriptive,16,94,0.1702127659574468,2265,0.00706401766004415,j. Evaluative: Prescriptive
151,Evaluative Response,Evaluative: Reactive,78,94,0.8297872340425532,2265,0.03443708609271523,i. Evaluative: Reactive
151,Inference,Inference: Causal,116,282,0.41134751773049644,2265,0.05121412803532009,e. Inference: Causal
151,Inference,Inference: Hypothetical,166,282,0.5886524822695035,2265,0.07328918322295806,f. Inference: Hypothetical
151,Prior Knowledge,Prior Knowledge: General,276,622,0.4437299035369775,2265,0.12185430463576159,g. Prior Knowledge: General
151,Prior Knowledge,Prior Knowledge: Personal,346,622,0.5562700964630225,2265,0.15275938189845475,h. Prior Knowledge: Personal
151,Visual Observation,Visual Observation: Chart Elements,141,872,0.16169724770642202,2265,0.06225165562913907,a. Visual Observation: Chart Elements
151,Visual Observation,Visual Observation: Data Extraction,201,872,0.2305045871559633,2265,0.08874172185430464,b. Visual Observation: Data Extraction
151,Visual Observation,Visual Observation: Pattern Recognition,530,872,0.6077981651376146,2265,0.23399558498896247,c. Visual Observation: Pattern Recognition
152,Curiosity,Curiosity,479,479,1.0,2934,0.1632583503749148,d. Curiosity
152,Evaluative Response,Evaluative: Prescriptive,77,152,0.506578947368421,2934,0.026244035446489435,j. Evaluative: Prescriptive
152,Evaluative Response,Evaluative: Reactive,75,152,0.4934210526315789,2934,0.02556237218813906,i. Evaluative: Reactive
152,Inference,Inference: Causal,169,368,0.4592391304347826,2934,0.05760054533060668,e. Inference: Causal
152,Inference,Inference: Hypothetical,199,368,0.5407608695652174,2934,0.0678254942058623,f. Inference: Hypothetical
152,Prior Knowledge,Prior Knowledge: General,270,671,0.40238450074515647,2934,0.09202453987730061,g. Prior Knowledge: General
152,Prior Knowledge,Prior Knowledge: Personal,401,671,0.5976154992548435,2934,0.13667348329925016,h. Prior Knowledge: Personal
152,Visual Observation,Visual Observation: Chart Elements,246,1264,0.19462025316455697,2934,0.08384458077709611,a. Visual Observation: Chart Elements
152,Visual Observation,Visual Observation: Data Extraction,337,1264,0.2666139240506329,2934,0.11486025903203817,b. Visual Observation: Data Extraction
152,Visual Observation,Visual Observation: Pattern Recognition,681,1264,0.5387658227848101,2934,0.23210633946830267,c. Visual Observation: Pattern Recognition
153,Curiosity,Curiosity,513,513,1.0,2843,0.1804431938093563,d. Curiosity
153,Evaluative Response,Evaluative: Prescriptive,46,96,0.4791666666666667,2843,0.01618009145269082,j. Evaluative: Prescriptive
153,Evaluative Response,Evaluative: Reactive,50,96,0.5208333333333334,2843,0.017587055926837847,i. Evaluative: Reactive
153,Inference,Inference: Causal,182,390,0.4666666666666667,2843,0.06401688357368976,e. Inference: Causal
153,Inference,Inference: Hypothetical,208,390,0.5333333333333333,2843,0.07316215265564545,f. Inference: Hypothetical
153,Prior Knowledge,Prior Knowledge: General,293,798,0.36716791979949875,2843,0.10306014773126979,g. Prior Knowledge: General
153,Prior Knowledge,Prior Knowledge: Personal,505,798,0.6328320802005013,2843,0.17762926486106226,h. Prior Knowledge: Personal
153,Visual Observation,Visual Observation: Chart Elements,264,1046,0.25239005736137665,2843,0.09285965529370384,a. Visual Observation: Chart Elements
153,Visual Observation,Visual Observation: Data Extraction,91,1046,0.0869980879541109,2843,0.03200844178684488,b. Visual Observation: Data Extraction
153,Visual Observation,Visual Observation: Pattern Recognition,691,1046,0.6606118546845124,2843,0.24305311290889905,c. Visual Observation: Pattern Recognition
154,Curiosity,Curiosity,548,548,1.0,3518,0.1557703240477544,d. Curiosity
154,Evaluative Response,Evaluative: Prescriptive,150,297,0.5050505050505051,3518,0.04263786242183058,j. Evaluative: Prescriptive
154,Evaluative Response,Evaluative: Reactive,147,297,0.494949494949495,3518,0.041785105173393976,i. Evaluative: Reactive
154,Inference,Inference: Causal,201,367,0.547683923705722,3518,0.05713473564525298,e. Inference: Causal
154,Inference,Inference: Hypothetical,166,367,0.45231607629427795,3518,0.04718590108015918,f. Inference: Hypothetical
154,Prior Knowledge,Prior Knowledge: General,513,1213,0.4229183841714757,3518,0.1458214894826606,g. Prior Knowledge: General
154,Prior Knowledge,Prior Knowledge: Personal,700,1213,0.5770816158285244,3518,0.19897669130187606,h. Prior Knowledge: Personal
154,Visual Observation,Visual Observation: Chart Elements,355,1093,0.32479414455626715,3518,0.10090960773166571,a. Visual Observation: Chart Elements
154,Visual Observation,Visual Observation: Data Extraction,186,1093,0.17017383348581885,3518,0.052870949403069925,b. Visual Observation: Data Extraction
154,Visual Observation,Visual Observation: Pattern Recognition,552,1093,0.505032021957914,3518,0.15690733371233656,c. Visual Observation: Pattern Recognition
156,Curiosity,Curiosity,554,554,1.0,3503,0.1581501570082786,d. Curiosity
156,Evaluative Response,Evaluative: Prescriptive,25,99,0.25252525252525254,3503,0.007136739937196689,j. Evaluative: Prescriptive
156,Evaluative Response,Evaluative: Reactive,74,99,0.7474747474747475,3503,0.0211247502141022,i. Evaluative: Reactive
156,Inference,Inference: Causal,378,651,0.5806451612903226,3503,0.10790750785041393,e. Inference: Causal
156,Inference,Inference: Hypothetical,273,651,0.41935483870967744,3503,0.07793320011418783,f. Inference: Hypothetical
156,Prior Knowledge,Prior Knowledge: General,504,997,0.5055165496489469,3503,0.14387667713388524,g. Prior Knowledge: General
156,Prior Knowledge,Prior Knowledge: Personal,493,997,0.4944834503510532,3503,0.1407365115615187,h. Prior Knowledge: Personal
156,Visual Observation,Visual Observation: Chart Elements,74,1202,0.06156405990016639,3503,0.0211247502141022,a. Visual Observation: Chart Elements
156,Visual Observation,Visual Observation: Data Extraction,277,1202,0.23044925124792012,3503,0.0790750785041393,b. Visual Observation: Data Extraction
156,Visual Observation,Visual Observation: Pattern Recognition,851,1202,0.7079866888519135,3503,0.24293462746217528,c. Visual Observation: Pattern Recognition
157,Curiosity,Curiosity,373,373,1.0,2572,0.14502332814930016,d. Curiosity
157,Evaluative Response,Evaluative: Prescriptive,16,118,0.13559322033898305,2572,0.006220839813374806,j. Evaluative: Prescriptive
157,Evaluative Response,Evaluative: Reactive,102,118,0.864406779661017,2572,0.03965785381026438,i. Evaluative: Reactive
157,Inference,Inference: Causal,89,215,0.413953488372093,2572,0.034603421461897356,e. Inference: Causal
157,Inference,Inference: Hypothetical,126,215,0.586046511627907,2572,0.048989113530326596,f. Inference: Hypothetical
157,Prior Knowledge,Prior Knowledge: General,192,730,0.26301369863013696,2572,0.07465007776049767,g. Prior Knowledge: General
157,Prior Knowledge,Prior Knowledge: Personal,538,730,0.736986301369863,2572,0.20917573872472783,h. Prior Knowledge: Personal
157,Visual Observation,Visual Observation: Chart Elements,283,1136,0.24911971830985916,2572,0.11003110419906688,a. Visual Observation: Chart Elements
157,Visual Observation,Visual Observation: Data Extraction,352,1136,0.30985915492957744,2572,0.1368584758942457,b. Visual Observation: Data Extraction
157,Visual Observation,Visual Observation: Pattern Recognition,501,1136,0.4410211267605634,2572,0.1947900466562986,c. Visual Observation: Pattern Recognition
158,Curiosity,Curiosity,367,367,1.0,2555,0.1436399217221135,d. Curiosity
158,Evaluative Response,Evaluative: Prescriptive,65,174,0.3735632183908046,2555,0.025440313111545987,j. Evaluative: Prescriptive
158,Evaluative Response,Evaluative: Reactive,109,174,0.6264367816091954,2555,0.0426614481409002,i. Evaluative: Reactive
158,Inference,Inference: Causal,80,231,0.3463203463203463,2555,0.03131115459882583,e. Inference: Causal
158,Inference,Inference: Hypothetical,151,231,0.6536796536796536,2555,0.059099804305283755,f. Inference: Hypothetical
158,Prior Knowledge,Prior Knowledge: General,319,697,0.45767575322812054,2555,0.124853228962818,g. Prior Knowledge: General
158,Prior Knowledge,Prior Knowledge: Personal,378,697,0.5423242467718795,2555,0.14794520547945206,h. Prior Knowledge: Personal
158,Visual Observation,Visual Observation: Chart Elements,161,1086,0.14825046040515655,2555,0.06301369863013699,a. Visual Observation: Chart Elements
158,Visual Observation,Visual Observation: Data Extraction,227,1086,0.20902394106813996,2555,0.0888454011741683,b. Visual Observation: Data Extraction
158,Visual Observation,Visual Observation: Pattern Recognition,698,1086,0.6427255985267035,2555,0.2731898238747554,c. Visual Observation: Pattern Recognition
159,Curiosity,Curiosity,371,371,1.0,2355,0.15753715498938428,d. Curiosity
159,Evaluative Response,Evaluative: Prescriptive,7,87,0.08045977011494253,2355,0.0029723991507431,j. Evaluative: Prescriptive
159,Evaluative Response,Evaluative: Reactive,80,87,0.9195402298850575,2355,0.03397027600849257,i. Evaluative: Reactive
159,Inference,Inference: Causal,212,504,0.42063492063492064,2355,0.0900212314225053,e. Inference: Causal
159,Inference,Inference: Hypothetical,292,504,0.5793650793650794,2355,0.12399150743099788,f. Inference: Hypothetical
159,Prior Knowledge,Prior Knowledge: General,227,647,0.3508500772797527,2355,0.09639065817409767,g. Prior Knowledge: General
159,Prior Knowledge,Prior Knowledge: Personal,420,647,0.6491499227202473,2355,0.17834394904458598,h. Prior Knowledge: Personal
159,Visual Observation,Visual Observation: Chart Elements,61,746,0.08176943699731903,2355,0.025902335456475585,a. Visual Observation: Chart Elements
159,Visual Observation,Visual Observation: Data Extraction,182,746,0.24396782841823056,2355,0.07728237791932059,b. Visual Observation: Data Extraction
159,Visual Observation,Visual Observation: Pattern Recognition,503,746,0.6742627345844504,2355,0.21358811040339704,c. Visual Observation: Pattern Recognition
16,Curiosity,Curiosity,231,231,1.0,1521,0.15187376725838264,d. Curiosity
16,Evaluative Response,Evaluative: Prescriptive,42,73,0.5753424657534246,1521,0.027613412228796843,j. Evaluative: Prescriptive
16,Evaluative Response,Evaluative: Reactive,31,73,0.4246575342465753,1521,0.020381328073635765,i. Evaluative: Reactive
16,Inference,Inference: Causal,151,224,0.6741071428571429,1521,0.0992767915844839,e. Inference: Causal
16,Inference,Inference: Hypothetical,73,224,0.32589285714285715,1521,0.04799474030243261,f. Inference: Hypothetical
16,Prior Knowledge,Prior Knowledge: General,144,159,0.9056603773584906,1521,0.09467455621301775,g. Prior Knowledge: General
16,Prior Knowledge,Prior Knowledge: Personal,15,159,0.09433962264150944,1521,0.009861932938856016,h. Prior Knowledge: Personal
16,Visual Observation,Visual Observation: Chart Elements,203,834,0.2434052757793765,1521,0.1334648257725181,a. Visual Observation: Chart Elements
16,Visual Observation,Visual Observation: Data Extraction,96,834,0.11510791366906475,1521,0.0631163708086785,b. Visual Observation: Data Extraction
16,Visual Observation,Visual Observation: Pattern Recognition,535,834,0.6414868105515588,1521,0.3517422748191979,c. Visual Observation: Pattern Recognition
160,Curiosity,Curiosity,272,272,1.0,1613,0.16862988220706757,d. Curiosity
160,Evaluative Response,Evaluative: Prescriptive,27,100,0.27,1613,0.016738995660260384,j. Evaluative: Prescriptive
160,Evaluative Response,Evaluative: Reactive,73,100,0.73,1613,0.04525728456292622,i. Evaluative: Reactive
160,Inference,Inference: Causal,99,219,0.4520547945205479,1613,0.06137631742095474,e. Inference: Causal
160,Inference,Inference: Hypothetical,120,219,0.547945205479452,1613,0.07439553626782393,f. Inference: Hypothetical
160,Prior Knowledge,Prior Knowledge: General,149,160,0.93125,1613,0.09237445753254804,g. Prior Knowledge: General
160,Prior Knowledge,Prior Knowledge: Personal,11,160,0.06875,1613,0.006819590824550527,h. Prior Knowledge: Personal
160,Visual Observation,Visual Observation: Chart Elements,114,862,0.13225058004640372,1613,0.07067575945443273,a. Visual Observation: Chart Elements
160,Visual Observation,Visual Observation: Data Extraction,244,862,0.28306264501160094,1613,0.15127092374457532,b. Visual Observation: Data Extraction
160,Visual Observation,Visual Observation: Pattern Recognition,504,862,0.5846867749419954,1613,0.3124612523248605,c. Visual Observation: Pattern Recognition
161,Curiosity,Curiosity,489,489,1.0,3334,0.14667066586682664,d. Curiosity
161,Evaluative Response,Evaluative: Prescriptive,129,272,0.4742647058823529,3334,0.03869226154769046,j. Evaluative: Prescriptive
161,Evaluative Response,Evaluative: Reactive,143,272,0.5257352941176471,3334,0.042891421715656866,i. Evaluative: Reactive
161,Inference,Inference: Causal,240,593,0.40472175379426645,3334,0.07198560287942411,e. Inference: Causal
161,Inference,Inference: Hypothetical,353,593,0.5952782462057336,3334,0.10587882423515296,f. Inference: Hypothetical
161,Prior Knowledge,Prior Knowledge: General,431,806,0.5347394540942928,3334,0.1292741451709658,g. Prior Knowledge: General
161,Prior Knowledge,Prior Knowledge: Personal,375,806,0.4652605459057072,3334,0.11247750449910018,h. Prior Knowledge: Personal
161,Visual Observation,Visual Observation: Chart Elements,227,1174,0.19335604770017037,3334,0.06808638272345531,a. Visual Observation: Chart Elements
161,Visual Observation,Visual Observation: Data Extraction,224,1174,0.19080068143100512,3334,0.06718656268746251,b. Visual Observation: Data Extraction
161,Visual Observation,Visual Observation: Pattern Recognition,723,1174,0.6158432708688245,3334,0.21685662867426514,c. Visual Observation: Pattern Recognition
162,Curiosity,Curiosity,360,360,1.0,2783,0.12935680919870643,d. Curiosity
162,Evaluative Response,Evaluative: Prescriptive,29,84,0.34523809523809523,2783,0.010420409629895796,j. Evaluative: Prescriptive
162,Evaluative Response,Evaluative: Reactive,55,84,0.6547619047619048,2783,0.019762845849802372,i. Evaluative: Reactive
162,Inference,Inference: Causal,168,767,0.21903520208604954,2783,0.06036651095939633,e. Inference: Causal
162,Inference,Inference: Hypothetical,599,767,0.7809647979139505,2783,0.21523535752784764,f. Inference: Hypothetical
162,Prior Knowledge,Prior Knowledge: General,227,493,0.460446247464503,2783,0.08156665468918434,g. Prior Knowledge: General
162,Prior Knowledge,Prior Knowledge: Personal,266,493,0.539553752535497,2783,0.0955803090190442,h. Prior Knowledge: Personal
162,Visual Observation,Visual Observation: Chart Elements,225,1079,0.20852641334569044,2783,0.08084800574919151,a. Visual Observation: Chart Elements
162,Visual Observation,Visual Observation: Data Extraction,103,1079,0.09545875810936053,2783,0.037010420409629895,b. Visual Observation: Data Extraction
162,Visual Observation,Visual Observation: Pattern Recognition,751,1079,0.696014828544949,2783,0.2698526769673015,c. Visual Observation: Pattern Recognition
163,Curiosity,Curiosity,500,500,1.0,2772,0.18037518037518038,d. Curiosity
163,Evaluative Response,Evaluative: Prescriptive,112,238,0.47058823529411764,2772,0.04040404040404041,j. Evaluative: Prescriptive
163,Evaluative Response,Evaluative: Reactive,126,238,0.5294117647058824,2772,0.045454545454545456,i. Evaluative: Reactive
163,Inference,Inference: Causal,151,358,0.42178770949720673,2772,0.05447330447330447,e. Inference: Causal
163,Inference,Inference: Hypothetical,207,358,0.5782122905027933,2772,0.07467532467532467,f. Inference: Hypothetical
163,Prior Knowledge,Prior Knowledge: General,382,822,0.46472019464720193,2772,0.1378066378066378,g. Prior Knowledge: General
163,Prior Knowledge,Prior Knowledge: Personal,440,822,0.5352798053527981,2772,0.15873015873015872,h. Prior Knowledge: Personal
163,Visual Observation,Visual Observation: Chart Elements,191,854,0.22365339578454332,2772,0.0689033189033189,a. Visual Observation: Chart Elements
163,Visual Observation,Visual Observation: Data Extraction,113,854,0.1323185011709602,2772,0.04076479076479077,b. Visual Observation: Data Extraction
163,Visual Observation,Visual Observation: Pattern Recognition,550,854,0.6440281030444965,2772,0.1984126984126984,c. Visual Observation: Pattern Recognition
164,Curiosity,Curiosity,574,574,1.0,2908,0.19738651994497936,d. Curiosity
164,Evaluative Response,Evaluative: Prescriptive,61,105,0.580952380952381,2908,0.020976616231086657,j. Evaluative: Prescriptive
164,Evaluative Response,Evaluative: Reactive,44,105,0.41904761904761906,2908,0.015130674002751032,i. Evaluative: Reactive
164,Inference,Inference: Causal,134,290,0.46206896551724136,2908,0.04607977991746905,e. Inference: Causal
164,Inference,Inference: Hypothetical,156,290,0.5379310344827586,2908,0.05364511691884457,f. Inference: Hypothetical
164,Prior Knowledge,Prior Knowledge: General,366,802,0.456359102244389,2908,0.12585969738651995,g. Prior Knowledge: General
164,Prior Knowledge,Prior Knowledge: Personal,436,802,0.543640897755611,2908,0.1499312242090784,h. Prior Knowledge: Personal
164,Visual Observation,Visual Observation: Chart Elements,296,1137,0.26033421284080915,2908,0.10178817056396149,a. Visual Observation: Chart Elements
164,Visual Observation,Visual Observation: Data Extraction,234,1137,0.20580474934036938,2908,0.08046767537826685,b. Visual Observation: Data Extraction
164,Visual Observation,Visual Observation: Pattern Recognition,607,1137,0.5338610378188214,2908,0.20873452544704263,c. Visual Observation: Pattern Recognition
165,Curiosity,Curiosity,363,363,1.0,2504,0.14496805111821087,d. Curiosity
165,Evaluative Response,Evaluative: Prescriptive,35,63,0.5555555555555556,2504,0.013977635782747603,j. Evaluative: Prescriptive
165,Evaluative Response,Evaluative: Reactive,28,63,0.4444444444444444,2504,0.011182108626198083,i. Evaluative: Reactive
165,Inference,Inference: Causal,180,405,0.4444444444444444,2504,0.07188498402555911,e. Inference: Causal
165,Inference,Inference: Hypothetical,225,405,0.5555555555555556,2504,0.08985623003194888,f. Inference: Hypothetical
165,Prior Knowledge,Prior Knowledge: General,339,648,0.5231481481481481,2504,0.13538338658146964,g. Prior Knowledge: General
165,Prior Knowledge,Prior Knowledge: Personal,309,648,0.47685185185185186,2504,0.12340255591054312,h. Prior Knowledge: Personal
165,Visual Observation,Visual Observation: Chart Elements,110,1025,0.1073170731707317,2504,0.0439297124600639,a. Visual Observation: Chart Elements
165,Visual Observation,Visual Observation: Data Extraction,196,1025,0.19121951219512195,2504,0.07827476038338659,b. Visual Observation: Data Extraction
165,Visual Observation,Visual Observation: Pattern Recognition,719,1025,0.7014634146341463,2504,0.28714057507987223,c. Visual Observation: Pattern Recognition
166,Curiosity,Curiosity,438,438,1.0,2708,0.16174298375184637,d. Curiosity
166,Evaluative Response,Evaluative: Prescriptive,38,117,0.3247863247863248,2708,0.014032496307237814,j. Evaluative: Prescriptive
166,Evaluative Response,Evaluative: Reactive,79,117,0.6752136752136753,2708,0.029172821270310192,i. Evaluative: Reactive
166,Inference,Inference: Causal,159,281,0.5658362989323843,2708,0.058714918759231904,e. Inference: Causal
166,Inference,Inference: Hypothetical,122,281,0.43416370106761565,2708,0.045051698670605614,f. Inference: Hypothetical
166,Prior Knowledge,Prior Knowledge: General,239,834,0.2865707434052758,2708,0.08825701624815362,g. Prior Knowledge: General
166,Prior Knowledge,Prior Knowledge: Personal,595,834,0.7134292565947242,2708,0.21971935007385524,h. Prior Knowledge: Personal
166,Visual Observation,Visual Observation: Chart Elements,190,1038,0.18304431599229287,2708,0.07016248153618906,a. Visual Observation: Chart Elements
166,Visual Observation,Visual Observation: Data Extraction,67,1038,0.06454720616570328,2708,0.024741506646971934,b. Visual Observation: Data Extraction
166,Visual Observation,Visual Observation: Pattern Recognition,781,1038,0.7524084778420038,2708,0.28840472673559825,c. Visual Observation: Pattern Recognition
167,Curiosity,Curiosity,452,452,1.0,3235,0.13972179289026276,d. Curiosity
167,Evaluative Response,Evaluative: Prescriptive,28,142,0.19718309859154928,3235,0.00865533230293663,j. Evaluative: Prescriptive
167,Evaluative Response,Evaluative: Reactive,114,142,0.8028169014084507,3235,0.03523956723338485,i. Evaluative: Reactive
167,Inference,Inference: Causal,248,643,0.3856920684292379,3235,0.07666151468315302,e. Inference: Causal
167,Inference,Inference: Hypothetical,395,643,0.614307931570762,3235,0.12210200927357033,f. Inference: Hypothetical
167,Prior Knowledge,Prior Knowledge: General,492,837,0.5878136200716846,3235,0.15208655332302937,g. Prior Knowledge: General
167,Prior Knowledge,Prior Knowledge: Personal,345,837,0.4121863799283154,3235,0.10664605873261206,h. Prior Knowledge: Personal
167,Visual Observation,Visual Observation: Chart Elements,167,1161,0.1438415159345392,3235,0.05162287480680062,a. Visual Observation: Chart Elements
167,Visual Observation,Visual Observation: Data Extraction,294,1161,0.2532299741602067,3235,0.09088098918083462,b. Visual Observation: Data Extraction
167,Visual Observation,Visual Observation: Pattern Recognition,700,1161,0.602928509905254,3235,0.21638330757341576,c. Visual Observation: Pattern Recognition
168,Curiosity,Curiosity,410,410,1.0,2353,0.17424564385890354,d. Curiosity
168,Evaluative Response,Evaluative: Prescriptive,111,183,0.6065573770491803,2353,0.04717382065448364,j. Evaluative: Prescriptive
168,Evaluative Response,Evaluative: Reactive,72,183,0.39344262295081966,2353,0.03059923501912452,i. Evaluative: Reactive
168,Inference,Inference: Causal,109,361,0.30193905817174516,2353,0.046323841903952404,e. Inference: Causal
168,Inference,Inference: Hypothetical,252,361,0.6980609418282548,2353,0.10709732256693583,f. Inference: Hypothetical
168,Prior Knowledge,Prior Knowledge: General,365,660,0.553030303030303,2353,0.15512112197195072,g. Prior Knowledge: General
168,Prior Knowledge,Prior Knowledge: Personal,295,660,0.44696969696969696,2353,0.12537186570335743,h. Prior Knowledge: Personal
168,Visual Observation,Visual Observation: Chart Elements,173,739,0.23410013531799728,2353,0.07352316192095197,a. Visual Observation: Chart Elements
168,Visual Observation,Visual Observation: Data Extraction,247,739,0.3342354533152909,2353,0.10497237569060773,b. Visual Observation: Data Extraction
168,Visual Observation,Visual Observation: Pattern Recognition,319,739,0.4316644113667118,2353,0.13557161070973225,c. Visual Observation: Pattern Recognition
169,Curiosity,Curiosity,656,656,1.0,4829,0.1358459308345413,d. Curiosity
169,Evaluative Response,Evaluative: Prescriptive,76,320,0.2375,4829,0.015738248084489544,j. Evaluative: Prescriptive
169,Evaluative Response,Evaluative: Reactive,244,320,0.7625,4829,0.05052805963967695,i. Evaluative: Reactive
169,Inference,Inference: Causal,229,511,0.4481409001956947,4829,0.04742182646510665,e. Inference: Causal
169,Inference,Inference: Hypothetical,282,511,0.5518590998043053,4829,0.058397183681921726,f. Inference: Hypothetical
169,Prior Knowledge,Prior Knowledge: General,1014,2034,0.49852507374631266,4829,0.20998136260095257,g. Prior Knowledge: General
169,Prior Knowledge,Prior Knowledge: Personal,1020,2034,0.5014749262536873,4829,0.2112238558707807,h. Prior Knowledge: Personal
169,Visual Observation,Visual Observation: Chart Elements,151,1308,0.1154434250764526,4829,0.03126941395734106,a. Visual Observation: Chart Elements
169,Visual Observation,Visual Observation: Data Extraction,263,1308,0.20107033639143732,4829,0.054462621660799335,b. Visual Observation: Data Extraction
169,Visual Observation,Visual Observation: Pattern Recognition,894,1308,0.6834862385321101,4829,0.18513149720439015,c. Visual Observation: Pattern Recognition
17,Curiosity,Curiosity,73,73,1.0,460,0.15869565217391304,d. Curiosity
17,Evaluative Response,Evaluative: Prescriptive,18,26,0.6923076923076923,460,0.0391304347826087,j. Evaluative: Prescriptive
17,Evaluative Response,Evaluative: Reactive,8,26,0.3076923076923077,460,0.017391304347826087,i. Evaluative: Reactive
17,Inference,Inference: Causal,78,105,0.7428571428571429,460,0.16956521739130434,e. Inference: Causal
17,Inference,Inference: Hypothetical,27,105,0.2571428571428571,460,0.058695652173913045,f. Inference: Hypothetical
17,Prior Knowledge,Prior Knowledge: General,67,69,0.9710144927536232,460,0.14565217391304347,g. Prior Knowledge: General
17,Prior Knowledge,Prior Knowledge: Personal,2,69,0.028985507246376812,460,0.004347826086956522,h. Prior Knowledge: Personal
17,Visual Observation,Visual Observation: Chart Elements,31,187,0.1657754010695187,460,0.06739130434782609,a. Visual Observation: Chart Elements
17,Visual Observation,Visual Observation: Data Extraction,14,187,0.0748663101604278,460,0.030434782608695653,b. Visual Observation: Data Extraction
17,Visual Observation,Visual Observation: Pattern Recognition,142,187,0.7593582887700535,460,0.30869565217391304,c. Visual Observation: Pattern Recognition
170,Curiosity,Curiosity,380,380,1.0,2448,0.15522875816993464,d. Curiosity
170,Evaluative Response,Evaluative: Prescriptive,36,83,0.43373493975903615,2448,0.014705882352941176,j. Evaluative: Prescriptive
170,Evaluative Response,Evaluative: Reactive,47,83,0.5662650602409639,2448,0.01919934640522876,i. Evaluative: Reactive
170,Inference,Inference: Causal,232,348,0.6666666666666666,2448,0.09477124183006536,e. Inference: Causal
170,Inference,Inference: Hypothetical,116,348,0.3333333333333333,2448,0.04738562091503268,f. Inference: Hypothetical
170,Prior Knowledge,Prior Knowledge: General,421,734,0.5735694822888283,2448,0.17197712418300654,g. Prior Knowledge: General
170,Prior Knowledge,Prior Knowledge: Personal,313,734,0.4264305177111717,2448,0.127859477124183,h. Prior Knowledge: Personal
170,Visual Observation,Visual Observation: Chart Elements,42,903,0.046511627906976744,2448,0.01715686274509804,a. Visual Observation: Chart Elements
170,Visual Observation,Visual Observation: Data Extraction,124,903,0.13732004429678848,2448,0.05065359477124183,b. Visual Observation: Data Extraction
170,Visual Observation,Visual Observation: Pattern Recognition,737,903,0.8161683277962348,2448,0.30106209150326796,c. Visual Observation: Pattern Recognition
171,Curiosity,Curiosity,17,17,1.0,126,0.1349206349206349,d. Curiosity
171,Evaluative Response,Evaluative: Prescriptive,2,8,0.25,126,0.015873015873015872,j. Evaluative: Prescriptive
171,Evaluative Response,Evaluative: Reactive,6,8,0.75,126,0.047619047619047616,i. Evaluative: Reactive
171,Inference,Inference: Causal,9,19,0.47368421052631576,126,0.07142857142857142,e. Inference: Causal
171,Inference,Inference: Hypothetical,10,19,0.5263157894736842,126,0.07936507936507936,f. Inference: Hypothetical
171,Prior Knowledge,Prior Knowledge: General,23,53,0.4339622641509434,126,0.18253968253968253,g. Prior Knowledge: General
171,Prior Knowledge,Prior Knowledge: Personal,30,53,0.5660377358490566,126,0.23809523809523808,h. Prior Knowledge: Personal
171,Visual Observation,Visual Observation: Data Extraction,5,29,0.1724137931034483,126,0.03968253968253968,b. Visual Observation: Data Extraction
171,Visual Observation,Visual Observation: Pattern Recognition,24,29,0.8275862068965517,126,0.19047619047619047,c. Visual Observation: Pattern Recognition
172,Curiosity,Curiosity,478,478,1.0,3007,0.15896242101762553,d. Curiosity
172,Evaluative Response,Evaluative: Prescriptive,43,92,0.4673913043478261,3007,0.014299966744263386,j. Evaluative: Prescriptive
172,Evaluative Response,Evaluative: Reactive,49,92,0.532608695652174,3007,0.016295310941137345,i. Evaluative: Reactive
172,Inference,Inference: Causal,197,436,0.4518348623853211,3007,0.06551380113069505,e. Inference: Causal
172,Inference,Inference: Hypothetical,239,436,0.5481651376146789,3007,0.07948121050881277,f. Inference: Hypothetical
172,Prior Knowledge,Prior Knowledge: General,692,1024,0.67578125,3007,0.23012969737279682,g. Prior Knowledge: General
172,Prior Knowledge,Prior Knowledge: Personal,332,1024,0.32421875,3007,0.11040904556035916,h. Prior Knowledge: Personal
172,Visual Observation,Visual Observation: Chart Elements,99,977,0.10133060388945753,3007,0.03292317924842035,a. Visual Observation: Chart Elements
172,Visual Observation,Visual Observation: Data Extraction,358,977,0.3664278403275333,3007,0.11905553708014632,b. Visual Observation: Data Extraction
172,Visual Observation,Visual Observation: Pattern Recognition,520,977,0.5322415557830092,3007,0.17292983039574328,c. Visual Observation: Pattern Recognition
173,Curiosity,Curiosity,432,432,1.0,2975,0.14521008403361343,d. Curiosity
173,Evaluative Response,Evaluative: Prescriptive,97,195,0.49743589743589745,2975,0.03260504201680672,j. Evaluative: Prescriptive
173,Evaluative Response,Evaluative: Reactive,98,195,0.5025641025641026,2975,0.03294117647058824,i. Evaluative: Reactive
173,Inference,Inference: Causal,202,471,0.4288747346072187,2975,0.06789915966386555,e. Inference: Causal
173,Inference,Inference: Hypothetical,269,471,0.5711252653927813,2975,0.09042016806722689,f. Inference: Hypothetical
173,Prior Knowledge,Prior Knowledge: General,470,1021,0.4603330068560235,2975,0.15798319327731092,g. Prior Knowledge: General
173,Prior Knowledge,Prior Knowledge: Personal,551,1021,0.5396669931439765,2975,0.18521008403361344,h. Prior Knowledge: Personal
173,Visual Observation,Visual Observation: Chart Elements,133,856,0.15537383177570094,2975,0.04470588235294118,a. Visual Observation: Chart Elements
173,Visual Observation,Visual Observation: Data Extraction,114,856,0.13317757009345793,2975,0.03831932773109244,b. Visual Observation: Data Extraction
173,Visual Observation,Visual Observation: Pattern Recognition,609,856,0.7114485981308412,2975,0.20470588235294118,c. Visual Observation: Pattern Recognition
175,Curiosity,Curiosity,419,419,1.0,2578,0.16252909231962762,d. Curiosity
175,Evaluative Response,Evaluative: Prescriptive,99,162,0.6111111111111112,2578,0.03840186190845617,j. Evaluative: Prescriptive
175,Evaluative Response,Evaluative: Reactive,63,162,0.3888888888888889,2578,0.024437548487199378,i. Evaluative: Reactive
175,Inference,Inference: Causal,183,493,0.3711967545638945,2578,0.07098525989138868,e. Inference: Causal
175,Inference,Inference: Hypothetical,310,493,0.6288032454361054,2578,0.12024825446082234,f. Inference: Hypothetical
175,Prior Knowledge,Prior Knowledge: General,337,696,0.48419540229885055,2578,0.13072148952676493,g. Prior Knowledge: General
175,Prior Knowledge,Prior Knowledge: Personal,359,696,0.5158045977011494,2578,0.13925523661753297,h. Prior Knowledge: Personal
175,Visual Observation,Visual Observation: Chart Elements,94,808,0.11633663366336634,2578,0.03646237393328161,a. Visual Observation: Chart Elements
175,Visual Observation,Visual Observation: Data Extraction,183,808,0.2264851485148515,2578,0.07098525989138868,b. Visual Observation: Data Extraction
175,Visual Observation,Visual Observation: Pattern Recognition,531,808,0.6571782178217822,2578,0.20597362296353763,c. Visual Observation: Pattern Recognition
176,Curiosity,Curiosity,473,473,1.0,2651,0.17842323651452283,d. Curiosity
176,Evaluative Response,Evaluative: Prescriptive,14,100,0.14,2651,0.005281026027913994,j. Evaluative: Prescriptive
176,Evaluative Response,Evaluative: Reactive,86,100,0.86,2651,0.03244058845718597,i. Evaluative: Reactive
176,Inference,Inference: Causal,147,339,0.4336283185840708,2651,0.055450773293096944,e. Inference: Causal
176,Inference,Inference: Hypothetical,192,339,0.5663716814159292,2651,0.07242549981139193,f. Inference: Hypothetical
176,Prior Knowledge,Prior Knowledge: General,207,673,0.3075780089153046,2651,0.07808374198415692,g. Prior Knowledge: General
176,Prior Knowledge,Prior Knowledge: Personal,466,673,0.6924219910846954,2651,0.1757827235005658,h. Prior Knowledge: Personal
176,Visual Observation,Visual Observation: Chart Elements,139,1066,0.1303939962476548,2651,0.052433044134288946,a. Visual Observation: Chart Elements
176,Visual Observation,Visual Observation: Data Extraction,242,1066,0.2270168855534709,2651,0.0912863070539419,b. Visual Observation: Data Extraction
176,Visual Observation,Visual Observation: Pattern Recognition,685,1066,0.6425891181988743,2651,0.25839305922293476,c. Visual Observation: Pattern Recognition
177,Curiosity,Curiosity,361,361,1.0,1960,0.18418367346938774,d. Curiosity
177,Evaluative Response,Evaluative: Prescriptive,51,132,0.38636363636363635,1960,0.026020408163265306,j. Evaluative: Prescriptive
177,Evaluative Response,Evaluative: Reactive,81,132,0.6136363636363636,1960,0.0413265306122449,i. Evaluative: Reactive
177,Inference,Inference: Causal,61,189,0.32275132275132273,1960,0.031122448979591835,e. Inference: Causal
177,Inference,Inference: Hypothetical,128,189,0.6772486772486772,1960,0.0653061224489796,f. Inference: Hypothetical
177,Prior Knowledge,Prior Knowledge: General,250,534,0.4681647940074906,1960,0.12755102040816327,g. Prior Knowledge: General
177,Prior Knowledge,Prior Knowledge: Personal,284,534,0.5318352059925093,1960,0.14489795918367346,h. Prior Knowledge: Personal
177,Visual Observation,Visual Observation: Chart Elements,134,744,0.18010752688172044,1960,0.06836734693877551,a. Visual Observation: Chart Elements
177,Visual Observation,Visual Observation: Data Extraction,310,744,0.4166666666666667,1960,0.15816326530612246,b. Visual Observation: Data Extraction
177,Visual Observation,Visual Observation: Pattern Recognition,300,744,0.4032258064516129,1960,0.15306122448979592,c. Visual Observation: Pattern Recognition
178,Curiosity,Curiosity,388,388,1.0,2761,0.14052879391524808,d. Curiosity
178,Evaluative Response,Evaluative: Prescriptive,51,119,0.42857142857142855,2761,0.018471568272365086,j. Evaluative: Prescriptive
178,Evaluative Response,Evaluative: Reactive,68,119,0.5714285714285714,2761,0.02462875769648678,i. Evaluative: Reactive
178,Inference,Inference: Causal,199,320,0.621875,2761,0.0720753350235422,e. Inference: Causal
178,Inference,Inference: Hypothetical,121,320,0.378125,2761,0.043824701195219126,f. Inference: Hypothetical
178,Prior Knowledge,Prior Knowledge: General,299,754,0.39655172413793105,2761,0.10829409634190511,g. Prior Knowledge: General
178,Prior Knowledge,Prior Knowledge: Personal,455,754,0.603448275862069,2761,0.16479536399855124,h. Prior Knowledge: Personal
178,Visual Observation,Visual Observation: Chart Elements,119,1180,0.10084745762711865,2761,0.04310032596885187,a. Visual Observation: Chart Elements
178,Visual Observation,Visual Observation: Data Extraction,118,1180,0.1,2761,0.04273813835566823,b. Visual Observation: Data Extraction
178,Visual Observation,Visual Observation: Pattern Recognition,943,1180,0.7991525423728814,2761,0.34154291923216223,c. Visual Observation: Pattern Recognition
18,Curiosity,Curiosity,47,47,1.0,230,0.20434782608695654,d. Curiosity
18,Evaluative Response,Evaluative: Prescriptive,11,13,0.8461538461538461,230,0.04782608695652174,j. Evaluative: Prescriptive
18,Evaluative Response,Evaluative: Reactive,2,13,0.15384615384615385,230,0.008695652173913044,i. Evaluative: Reactive
18,Inference,Inference: Causal,15,29,0.5172413793103449,230,0.06521739130434782,e. Inference: Causal
18,Inference,Inference: Hypothetical,14,29,0.4827586206896552,230,0.06086956521739131,f. Inference: Hypothetical
18,Prior Knowledge,Prior Knowledge: General,24,25,0.96,230,0.10434782608695652,g. Prior Knowledge: General
18,Prior Knowledge,Prior Knowledge: Personal,1,25,0.04,230,0.004347826086956522,h. Prior Knowledge: Personal
18,Visual Observation,Visual Observation: Chart Elements,37,116,0.31896551724137934,230,0.1608695652173913,a. Visual Observation: Chart Elements
18,Visual Observation,Visual Observation: Data Extraction,21,116,0.1810344827586207,230,0.09130434782608696,b. Visual Observation: Data Extraction
18,Visual Observation,Visual Observation: Pattern Recognition,58,116,0.5,230,0.25217391304347825,c. Visual Observation: Pattern Recognition
181,Curiosity,Curiosity,248,248,1.0,2260,0.10973451327433628,d. Curiosity
181,Evaluative Response,Evaluative: Prescriptive,68,148,0.4594594594594595,2260,0.03008849557522124,j. Evaluative: Prescriptive
181,Evaluative Response,Evaluative: Reactive,80,148,0.5405405405405406,2260,0.035398230088495575,i. Evaluative: Reactive
181,Inference,Inference: Causal,121,275,0.44,2260,0.05353982300884956,e. Inference: Causal
181,Inference,Inference: Hypothetical,154,275,0.56,2260,0.06814159292035399,f. Inference: Hypothetical
181,Prior Knowledge,Prior Knowledge: General,357,568,0.6285211267605634,2260,0.1579646017699115,g. Prior Knowledge: General
181,Prior Knowledge,Prior Knowledge: Personal,211,568,0.3714788732394366,2260,0.09336283185840707,h. Prior Knowledge: Personal
181,Visual Observation,Visual Observation: Chart Elements,167,1021,0.16356513222331048,2260,0.07389380530973451,a. Visual Observation: Chart Elements
181,Visual Observation,Visual Observation: Data Extraction,70,1021,0.06856023506366307,2260,0.030973451327433628,b. Visual Observation: Data Extraction
181,Visual Observation,Visual Observation: Pattern Recognition,784,1021,0.7678746327130265,2260,0.34690265486725663,c. Visual Observation: Pattern Recognition
182,Curiosity,Curiosity,311,311,1.0,1990,0.15628140703517587,d. Curiosity
182,Evaluative Response,Evaluative: Prescriptive,47,125,0.376,1990,0.023618090452261306,j. Evaluative: Prescriptive
182,Evaluative Response,Evaluative: Reactive,78,125,0.624,1990,0.03919597989949749,i. Evaluative: Reactive
182,Inference,Inference: Causal,194,350,0.5542857142857143,1990,0.09748743718592964,e. Inference: Causal
182,Inference,Inference: Hypothetical,156,350,0.44571428571428573,1990,0.07839195979899498,f. Inference: Hypothetical
182,Prior Knowledge,Prior Knowledge: General,289,549,0.5264116575591985,1990,0.14522613065326634,g. Prior Knowledge: General
182,Prior Knowledge,Prior Knowledge: Personal,260,549,0.47358834244080145,1990,0.1306532663316583,h. Prior Knowledge: Personal
182,Visual Observation,Visual Observation: Chart Elements,129,655,0.1969465648854962,1990,0.06482412060301508,a. Visual Observation: Chart Elements
182,Visual Observation,Visual Observation: Data Extraction,92,655,0.14045801526717558,1990,0.04623115577889447,b. Visual Observation: Data Extraction
182,Visual Observation,Visual Observation: Pattern Recognition,434,655,0.6625954198473283,1990,0.21809045226130652,c. Visual Observation: Pattern Recognition
183,Curiosity,Curiosity,207,207,1.0,1930,0.10725388601036269,d. Curiosity
183,Evaluative Response,Evaluative: Prescriptive,27,77,0.35064935064935066,1930,0.013989637305699482,j. Evaluative: Prescriptive
183,Evaluative Response,Evaluative: Reactive,50,77,0.6493506493506493,1930,0.025906735751295335,i. Evaluative: Reactive
183,Inference,Inference: Causal,150,308,0.487012987012987,1930,0.07772020725388601,e. Inference: Causal
183,Inference,Inference: Hypothetical,158,308,0.512987012987013,1930,0.08186528497409326,f. Inference: Hypothetical
183,Prior Knowledge,Prior Knowledge: General,245,621,0.394524959742351,1930,0.12694300518134716,g. Prior Knowledge: General
183,Prior Knowledge,Prior Knowledge: Personal,376,621,0.605475040257649,1930,0.19481865284974093,h. Prior Knowledge: Personal
183,Visual Observation,Visual Observation: Chart Elements,183,717,0.25523012552301255,1930,0.09481865284974093,a. Visual Observation: Chart Elements
183,Visual Observation,Visual Observation: Data Extraction,148,717,0.20641562064156208,1930,0.0766839378238342,b. Visual Observation: Data Extraction
183,Visual Observation,Visual Observation: Pattern Recognition,386,717,0.5383542538354253,1930,0.2,c. Visual Observation: Pattern Recognition
184,Curiosity,Curiosity,587,587,1.0,3359,0.17475439118785352,d. Curiosity
184,Evaluative Response,Evaluative: Prescriptive,71,186,0.3817204301075269,3359,0.021137243227150937,j. Evaluative: Prescriptive
184,Evaluative Response,Evaluative: Reactive,115,186,0.6182795698924731,3359,0.03423637987496279,i. Evaluative: Reactive
184,Inference,Inference: Causal,171,445,0.3842696629213483,3359,0.05090800833581423,e. Inference: Causal
184,Inference,Inference: Hypothetical,274,445,0.6157303370786517,3359,0.08157189639773742,f. Inference: Hypothetical
184,Prior Knowledge,Prior Knowledge: General,380,890,0.42696629213483145,3359,0.11312890741292052,g. Prior Knowledge: General
184,Prior Knowledge,Prior Knowledge: Personal,510,890,0.5730337078651685,3359,0.1518309020541828,h. Prior Knowledge: Personal
184,Visual Observation,Visual Observation: Chart Elements,140,1251,0.11191047162270183,3359,0.041679071152128606,a. Visual Observation: Chart Elements
184,Visual Observation,Visual Observation: Data Extraction,96,1251,0.07673860911270983,3359,0.02857993450431676,b. Visual Observation: Data Extraction
184,Visual Observation,Visual Observation: Pattern Recognition,1015,1251,0.8113509192645884,3359,0.3021732658529324,c. Visual Observation: Pattern Recognition
185,Curiosity,Curiosity,372,372,1.0,2394,0.15538847117794485,d. Curiosity
185,Evaluative Response,Evaluative: Prescriptive,40,87,0.45977011494252873,2394,0.01670843776106934,j. Evaluative: Prescriptive
185,Evaluative Response,Evaluative: Reactive,47,87,0.5402298850574713,2394,0.019632414369256473,i. Evaluative: Reactive
185,Inference,Inference: Causal,152,275,0.5527272727272727,2394,0.06349206349206349,e. Inference: Causal
185,Inference,Inference: Hypothetical,123,275,0.44727272727272727,2394,0.05137844611528822,f. Inference: Hypothetical
185,Prior Knowledge,Prior Knowledge: General,401,650,0.6169230769230769,2394,0.16750208855472012,g. Prior Knowledge: General
185,Prior Knowledge,Prior Knowledge: Personal,249,650,0.3830769230769231,2394,0.10401002506265664,h. Prior Knowledge: Personal
185,Visual Observation,Visual Observation: Chart Elements,138,1010,0.13663366336633664,2394,0.05764411027568922,a. Visual Observation: Chart Elements
185,Visual Observation,Visual Observation: Data Extraction,128,1010,0.12673267326732673,2394,0.053467000835421885,b. Visual Observation: Data Extraction
185,Visual Observation,Visual Observation: Pattern Recognition,744,1010,0.7366336633663366,2394,0.3107769423558897,c. Visual Observation: Pattern Recognition
187,Curiosity,Curiosity,634,634,1.0,3218,0.19701678060907396,d. Curiosity
187,Evaluative Response,Evaluative: Prescriptive,61,126,0.48412698412698413,3218,0.018955873213175885,j. Evaluative: Prescriptive
187,Evaluative Response,Evaluative: Reactive,65,126,0.5158730158730159,3218,0.020198881292728402,i. Evaluative: Reactive
187,Inference,Inference: Causal,236,461,0.5119305856832972,3218,0.07333747669359851,e. Inference: Causal
187,Inference,Inference: Hypothetical,225,461,0.4880694143167028,3218,0.06991920447482909,f. Inference: Hypothetical
187,Prior Knowledge,Prior Knowledge: General,317,698,0.45415472779369626,3218,0.09850839030453698,g. Prior Knowledge: General
187,Prior Knowledge,Prior Knowledge: Personal,381,698,0.5458452722063037,3218,0.11839651957737725,h. Prior Knowledge: Personal
187,Visual Observation,Visual Observation: Chart Elements,153,1299,0.11778290993071594,3218,0.04754505904288378,a. Visual Observation: Chart Elements
187,Visual Observation,Visual Observation: Data Extraction,299,1299,0.23017705927636645,3218,0.09291485394655065,b. Visual Observation: Data Extraction
187,Visual Observation,Visual Observation: Pattern Recognition,847,1299,0.6520400307929176,3218,0.2632069608452455,c. Visual Observation: Pattern Recognition
189,Curiosity,Curiosity,600,600,1.0,3328,0.18028846153846154,d. Curiosity
189,Evaluative Response,Evaluative: Prescriptive,59,147,0.4013605442176871,3328,0.017728365384615384,j. Evaluative: Prescriptive
189,Evaluative Response,Evaluative: Reactive,88,147,0.5986394557823129,3328,0.026442307692307692,i. Evaluative: Reactive
189,Inference,Inference: Causal,357,673,0.5304606240713224,3328,0.10727163461538461,e. Inference: Causal
189,Inference,Inference: Hypothetical,316,673,0.46953937592867756,3328,0.09495192307692307,f. Inference: Hypothetical
189,Prior Knowledge,Prior Knowledge: General,431,853,0.5052754982415005,3328,0.12950721153846154,g. Prior Knowledge: General
189,Prior Knowledge,Prior Knowledge: Personal,422,853,0.4947245017584994,3328,0.1268028846153846,h. Prior Knowledge: Personal
189,Visual Observation,Visual Observation: Chart Elements,181,1055,0.17156398104265402,3328,0.05438701923076923,a. Visual Observation: Chart Elements
189,Visual Observation,Visual Observation: Data Extraction,122,1055,0.11563981042654028,3328,0.03665865384615385,b. Visual Observation: Data Extraction
189,Visual Observation,Visual Observation: Pattern Recognition,752,1055,0.7127962085308057,3328,0.22596153846153846,c. Visual Observation: Pattern Recognition
19,Curiosity,Curiosity,90,90,1.0,658,0.13677811550151975,d. Curiosity
19,Evaluative Response,Evaluative: Prescriptive,6,56,0.10714285714285714,658,0.00911854103343465,j. Evaluative: Prescriptive
19,Evaluative Response,Evaluative: Reactive,50,56,0.8928571428571429,658,0.07598784194528875,i. Evaluative: Reactive
19,Inference,Inference: Causal,43,66,0.6515151515151515,658,0.06534954407294832,e. Inference: Causal
19,Inference,Inference: Hypothetical,23,66,0.3484848484848485,658,0.034954407294832825,f. Inference: Hypothetical
19,Prior Knowledge,Prior Knowledge: General,100,182,0.5494505494505495,658,0.1519756838905775,g. Prior Knowledge: General
19,Prior Knowledge,Prior Knowledge: Personal,82,182,0.45054945054945056,658,0.12462006079027356,h. Prior Knowledge: Personal
19,Visual Observation,Visual Observation: Chart Elements,41,264,0.1553030303030303,658,0.06231003039513678,a. Visual Observation: Chart Elements
19,Visual Observation,Visual Observation: Data Extraction,45,264,0.17045454545454544,658,0.06838905775075987,b. Visual Observation: Data Extraction
19,Visual Observation,Visual Observation: Pattern Recognition,178,264,0.6742424242424242,658,0.270516717325228,c. Visual Observation: Pattern Recognition
190,Curiosity,Curiosity,527,527,1.0,2915,0.18078902229845625,d. Curiosity
190,Evaluative Response,Evaluative: Prescriptive,69,158,0.43670886075949367,2915,0.023670668953687822,j. Evaluative: Prescriptive
190,Evaluative Response,Evaluative: Reactive,89,158,0.5632911392405063,2915,0.03053173241852487,i. Evaluative: Reactive
190,Inference,Inference: Causal,112,449,0.24944320712694878,2915,0.03842195540308748,e. Inference: Causal
190,Inference,Inference: Hypothetical,337,449,0.7505567928730512,2915,0.11560891938250428,f. Inference: Hypothetical
190,Prior Knowledge,Prior Knowledge: General,346,695,0.497841726618705,2915,0.11869639794168096,g. Prior Knowledge: General
190,Prior Knowledge,Prior Knowledge: Personal,349,695,0.5021582733812949,2915,0.11972555746140652,h. Prior Knowledge: Personal
190,Visual Observation,Visual Observation: Chart Elements,139,1086,0.1279926335174954,2915,0.0476843910806175,a. Visual Observation: Chart Elements
190,Visual Observation,Visual Observation: Data Extraction,194,1086,0.17863720073664824,2915,0.06655231560891939,b. Visual Observation: Data Extraction
190,Visual Observation,Visual Observation: Pattern Recognition,753,1086,0.6933701657458563,2915,0.2583190394511149,c. Visual Observation: Pattern Recognition
191,Curiosity,Curiosity,321,321,1.0,2189,0.14664230242119689,d. Curiosity
191,Evaluative Response,Evaluative: Prescriptive,9,76,0.11842105263157894,2189,0.004111466423024212,j. Evaluative: Prescriptive
191,Evaluative Response,Evaluative: Reactive,67,76,0.881578947368421,2189,0.03060758337140247,i. Evaluative: Reactive
191,Inference,Inference: Causal,127,295,0.43050847457627117,2189,0.058017359524897213,e. Inference: Causal
191,Inference,Inference: Hypothetical,168,295,0.5694915254237288,2189,0.0767473732297853,f. Inference: Hypothetical
191,Prior Knowledge,Prior Knowledge: General,477,739,0.645466847090663,2189,0.21790772042028322,g. Prior Knowledge: General
191,Prior Knowledge,Prior Knowledge: Personal,262,739,0.35453315290933696,2189,0.11968935587026039,h. Prior Knowledge: Personal
191,Visual Observation,Visual Observation: Chart Elements,93,758,0.12269129287598944,2189,0.042485153037916855,a. Visual Observation: Chart Elements
191,Visual Observation,Visual Observation: Data Extraction,216,758,0.2849604221635884,2189,0.09867519415258108,b. Visual Observation: Data Extraction
191,Visual Observation,Visual Observation: Pattern Recognition,449,758,0.5923482849604221,2189,0.20511649154865236,c. Visual Observation: Pattern Recognition
192,Curiosity,Curiosity,648,648,1.0,4067,0.15933120236046225,d. Curiosity
192,Evaluative Response,Evaluative: Prescriptive,24,108,0.2222222222222222,4067,0.005901155642980083,j. Evaluative: Prescriptive
192,Evaluative Response,Evaluative: Reactive,84,108,0.7777777777777778,4067,0.020654044750430294,i. Evaluative: Reactive
192,Inference,Inference: Causal,262,551,0.47549909255898365,4067,0.06442094910253258,e. Inference: Causal
192,Inference,Inference: Hypothetical,289,551,0.5245009074410163,4067,0.07105974920088517,f. Inference: Hypothetical
192,Prior Knowledge,Prior Knowledge: General,604,1497,0.4034736138944556,4067,0.14851241701499876,g. Prior Knowledge: General
192,Prior Knowledge,Prior Knowledge: Personal,893,1497,0.5965263861055444,4067,0.21957216621588393,h. Prior Knowledge: Personal
192,Visual Observation,Visual Observation: Chart Elements,175,1263,0.13855898653998416,4067,0.043029259896729774,a. Visual Observation: Chart Elements
192,Visual Observation,Visual Observation: Data Extraction,91,1263,0.07205067300079177,4067,0.022375215146299483,b. Visual Observation: Data Extraction
192,Visual Observation,Visual Observation: Pattern Recognition,997,1263,0.7893903404592241,4067,0.24514384066879763,c. Visual Observation: Pattern Recognition
193,Curiosity,Curiosity,400,400,1.0,2626,0.15232292460015232,d. Curiosity
193,Evaluative Response,Evaluative: Prescriptive,51,121,0.4214876033057851,2626,0.01942117288651942,j. Evaluative: Prescriptive
193,Evaluative Response,Evaluative: Reactive,70,121,0.5785123966942148,2626,0.026656511805026657,i. Evaluative: Reactive
193,Inference,Inference: Causal,234,426,0.5492957746478874,2626,0.0891089108910891,e. Inference: Causal
193,Inference,Inference: Hypothetical,192,426,0.4507042253521127,2626,0.07311500380807312,f. Inference: Hypothetical
193,Prior Knowledge,Prior Knowledge: General,342,770,0.44415584415584414,2626,0.13023610053313023,g. Prior Knowledge: General
193,Prior Knowledge,Prior Knowledge: Personal,428,770,0.5558441558441558,2626,0.16298552932216298,h. Prior Knowledge: Personal
193,Visual Observation,Visual Observation: Chart Elements,143,909,0.1573157315731573,2626,0.054455445544554455,a. Visual Observation: Chart Elements
193,Visual Observation,Visual Observation: Data Extraction,169,909,0.1859185918591859,2626,0.06435643564356436,b. Visual Observation: Data Extraction
193,Visual Observation,Visual Observation: Pattern Recognition,597,909,0.6567656765676567,2626,0.22734196496572734,c. Visual Observation: Pattern Recognition
195,Curiosity,Curiosity,926,926,1.0,4078,0.22707209416380578,d. Curiosity
195,Evaluative Response,Evaluative: Prescriptive,92,198,0.46464646464646464,4078,0.022560078469838155,j. Evaluative: Prescriptive
195,Evaluative Response,Evaluative: Reactive,106,198,0.5353535353535354,4078,0.025993133889161354,i. Evaluative: Reactive
195,Inference,Inference: Causal,240,428,0.5607476635514018,4078,0.058852378616969105,e. Inference: Causal
195,Inference,Inference: Hypothetical,188,428,0.4392523364485981,4078,0.0461010299166258,f. Inference: Hypothetical
195,Prior Knowledge,Prior Knowledge: General,431,1152,0.3741319444444444,4078,0.10568906326630702,g. Prior Knowledge: General
195,Prior Knowledge,Prior Knowledge: Personal,721,1152,0.6258680555555556,4078,0.1768023540951447,h. Prior Knowledge: Personal
195,Visual Observation,Visual Observation: Chart Elements,152,1374,0.11062590975254731,4078,0.03727317312408043,a. Visual Observation: Chart Elements
195,Visual Observation,Visual Observation: Data Extraction,432,1374,0.314410480349345,4078,0.10593428151054439,b. Visual Observation: Data Extraction
195,Visual Observation,Visual Observation: Pattern Recognition,790,1374,0.5749636098981077,4078,0.1937224129475233,c. Visual Observation: Pattern Recognition
196,Curiosity,Curiosity,392,392,1.0,2056,0.19066147859922178,d. Curiosity
196,Evaluative Response,Evaluative: Prescriptive,13,56,0.23214285714285715,2056,0.00632295719844358,j. Evaluative: Prescriptive
196,Evaluative Response,Evaluative: Reactive,43,56,0.7678571428571429,2056,0.02091439688715953,i. Evaluative: Reactive
196,Inference,Inference: Causal,176,277,0.6353790613718412,2056,0.08560311284046693,e. Inference: Causal
196,Inference,Inference: Hypothetical,101,277,0.36462093862815886,2056,0.04912451361867704,f. Inference: Hypothetical
196,Prior Knowledge,Prior Knowledge: General,204,601,0.33943427620632277,2056,0.09922178988326848,g. Prior Knowledge: General
196,Prior Knowledge,Prior Knowledge: Personal,397,601,0.6605657237936772,2056,0.1930933852140078,h. Prior Knowledge: Personal
196,Visual Observation,Visual Observation: Chart Elements,130,730,0.1780821917808219,2056,0.0632295719844358,a. Visual Observation: Chart Elements
196,Visual Observation,Visual Observation: Data Extraction,90,730,0.1232876712328767,2056,0.04377431906614786,b. Visual Observation: Data Extraction
196,Visual Observation,Visual Observation: Pattern Recognition,510,730,0.6986301369863014,2056,0.2480544747081712,c. Visual Observation: Pattern Recognition
197,Curiosity,Curiosity,373,373,1.0,2106,0.17711301044634378,d. Curiosity
197,Evaluative Response,Evaluative: Prescriptive,67,155,0.432258064516129,2106,0.03181386514719848,j. Evaluative: Prescriptive
197,Evaluative Response,Evaluative: Reactive,88,155,0.567741935483871,2106,0.04178537511870845,i. Evaluative: Reactive
197,Inference,Inference: Causal,154,237,0.6497890295358649,2106,0.0731244064577398,e. Inference: Causal
197,Inference,Inference: Hypothetical,83,237,0.350210970464135,2106,0.03941120607787275,f. Inference: Hypothetical
197,Prior Knowledge,Prior Knowledge: General,225,512,0.439453125,2106,0.10683760683760683,g. Prior Knowledge: General
197,Prior Knowledge,Prior Knowledge: Personal,287,512,0.560546875,2106,0.1362773029439696,h. Prior Knowledge: Personal
197,Visual Observation,Visual Observation: Chart Elements,138,829,0.16646562123039807,2106,0.06552706552706553,a. Visual Observation: Chart Elements
197,Visual Observation,Visual Observation: Data Extraction,252,829,0.3039806996381182,2106,0.11965811965811966,b. Visual Observation: Data Extraction
197,Visual Observation,Visual Observation: Pattern Recognition,439,829,0.5295536791314838,2106,0.20845204178537513,c. Visual Observation: Pattern Recognition
198,Curiosity,Curiosity,354,354,1.0,1817,0.19482663731425426,d. Curiosity
198,Evaluative Response,Evaluative: Prescriptive,20,67,0.29850746268656714,1817,0.01100715465052284,j. Evaluative: Prescriptive
198,Evaluative Response,Evaluative: Reactive,47,67,0.7014925373134329,1817,0.025866813428728673,i. Evaluative: Reactive
198,Inference,Inference: Causal,73,184,0.3967391304347826,1817,0.040176114474408366,e. Inference: Causal
198,Inference,Inference: Hypothetical,111,184,0.6032608695652174,1817,0.06108970831040176,f. Inference: Hypothetical
198,Prior Knowledge,Prior Knowledge: General,173,450,0.3844444444444444,1817,0.09521188772702256,g. Prior Knowledge: General
198,Prior Knowledge,Prior Knowledge: Personal,277,450,0.6155555555555555,1817,0.15244909190974132,h. Prior Knowledge: Personal
198,Visual Observation,Visual Observation: Chart Elements,159,762,0.20866141732283464,1817,0.08750687947165657,a. Visual Observation: Chart Elements
198,Visual Observation,Visual Observation: Data Extraction,250,762,0.32808398950131235,1817,0.1375894331315355,b. Visual Observation: Data Extraction
198,Visual Observation,Visual Observation: Pattern Recognition,353,762,0.463254593175853,1817,0.19427627958172813,c. Visual Observation: Pattern Recognition
199,Curiosity,Curiosity,265,265,1.0,1600,0.165625,d. Curiosity
199,Evaluative Response,Evaluative: Prescriptive,10,52,0.19230769230769232,1600,0.00625,j. Evaluative: Prescriptive
199,Evaluative Response,Evaluative: Reactive,42,52,0.8076923076923077,1600,0.02625,i. Evaluative: Reactive
199,Inference,Inference: Causal,64,193,0.3316062176165803,1600,0.04,e. Inference: Causal
199,Inference,Inference: Hypothetical,129,193,0.6683937823834197,1600,0.080625,f. Inference: Hypothetical
199,Prior Knowledge,Prior Knowledge: General,177,477,0.3710691823899371,1600,0.110625,g. Prior Knowledge: General
199,Prior Knowledge,Prior Knowledge: Personal,300,477,0.6289308176100629,1600,0.1875,h. Prior Knowledge: Personal
199,Visual Observation,Visual Observation: Chart Elements,125,613,0.2039151712887439,1600,0.078125,a. Visual Observation: Chart Elements
199,Visual Observation,Visual Observation: Data Extraction,98,613,0.1598694942903752,1600,0.06125,b. Visual Observation: Data Extraction
199,Visual Observation,Visual Observation: Pattern Recognition,390,613,0.636215334420881,1600,0.24375,c. Visual Observation: Pattern Recognition
2,Curiosity,Curiosity,365,365,1.0,2931,0.1245308768338451,d. Curiosity
2,Evaluative Response,Evaluative: Prescriptive,23,71,0.323943661971831,2931,0.007847151142954622,j. Evaluative: Prescriptive
2,Evaluative Response,Evaluative: Reactive,48,71,0.676056338028169,2931,0.016376663254861822,i. Evaluative: Reactive
2,Inference,Inference: Causal,141,342,0.41228070175438597,2931,0.048106448311156604,e. Inference: Causal
2,Inference,Inference: Hypothetical,201,342,0.5877192982456141,2931,0.06857727737973388,f. Inference: Hypothetical
2,Prior Knowledge,Prior Knowledge: General,204,239,0.8535564853556485,2931,0.06960081883316274,g. Prior Knowledge: General
2,Prior Knowledge,Prior Knowledge: Personal,35,239,0.14644351464435146,2931,0.011941316956670079,h. Prior Knowledge: Personal
2,Visual Observation,Visual Observation: Chart Elements,1078,1914,0.5632183908045977,2931,0.36779256226543844,a. Visual Observation: Chart Elements
2,Visual Observation,Visual Observation: Data Extraction,156,1914,0.08150470219435736,2931,0.05322415557830092,b. Visual Observation: Data Extraction
2,Visual Observation,Visual Observation: Pattern Recognition,680,1914,0.3552769070010449,2931,0.23200272944387582,c. Visual Observation: Pattern Recognition
20,Curiosity,Curiosity,149,149,1.0,1249,0.11929543634907927,d. Curiosity
20,Evaluative Response,Evaluative: Prescriptive,3,42,0.07142857142857142,1249,0.0024019215372297837,j. Evaluative: Prescriptive
20,Evaluative Response,Evaluative: Reactive,39,42,0.9285714285714286,1249,0.03122497998398719,i. Evaluative: Reactive
20,Inference,Inference: Causal,150,193,0.7772020725388601,1249,0.1200960768614892,e. Inference: Causal
20,Inference,Inference: Hypothetical,43,193,0.22279792746113988,1249,0.0344275420336269,f. Inference: Hypothetical
20,Prior Knowledge,Prior Knowledge: General,251,265,0.9471698113207547,1249,0.20096076861489193,g. Prior Knowledge: General
20,Prior Knowledge,Prior Knowledge: Personal,14,265,0.052830188679245285,1249,0.01120896717373899,h. Prior Knowledge: Personal
20,Visual Observation,Visual Observation: Chart Elements,129,600,0.215,1249,0.10328262610088071,a. Visual Observation: Chart Elements
20,Visual Observation,Visual Observation: Data Extraction,74,600,0.12333333333333334,1249,0.059247397918334666,b. Visual Observation: Data Extraction
20,Visual Observation,Visual Observation: Pattern Recognition,397,600,0.6616666666666666,1249,0.3178542834267414,c. Visual Observation: Pattern Recognition
200,Curiosity,Curiosity,245,245,1.0,1550,0.15806451612903225,d. Curiosity
200,Evaluative Response,Evaluative: Prescriptive,34,87,0.39080459770114945,1550,0.02193548387096774,j. Evaluative: Prescriptive
200,Evaluative Response,Evaluative: Reactive,53,87,0.6091954022988506,1550,0.034193548387096775,i. Evaluative: Reactive
200,Inference,Inference: Causal,105,166,0.6325301204819277,1550,0.06774193548387097,e. Inference: Causal
200,Inference,Inference: Hypothetical,61,166,0.3674698795180723,1550,0.03935483870967742,f. Inference: Hypothetical
200,Prior Knowledge,Prior Knowledge: General,181,437,0.41418764302059496,1550,0.1167741935483871,g. Prior Knowledge: General
200,Prior Knowledge,Prior Knowledge: Personal,256,437,0.585812356979405,1550,0.16516129032258065,h. Prior Knowledge: Personal
200,Visual Observation,Visual Observation: Chart Elements,51,615,0.08292682926829269,1550,0.032903225806451615,a. Visual Observation: Chart Elements
200,Visual Observation,Visual Observation: Data Extraction,117,615,0.1902439024390244,1550,0.07548387096774194,b. Visual Observation: Data Extraction
200,Visual Observation,Visual Observation: Pattern Recognition,447,615,0.7268292682926829,1550,0.28838709677419355,c. Visual Observation: Pattern Recognition
201,Curiosity,Curiosity,284,284,1.0,1859,0.15277030661646046,d. Curiosity
201,Evaluative Response,Evaluative: Prescriptive,25,67,0.373134328358209,1859,0.013448090371167294,j. Evaluative: Prescriptive
201,Evaluative Response,Evaluative: Reactive,42,67,0.6268656716417911,1859,0.022592791823561054,i. Evaluative: Reactive
201,Inference,Inference: Causal,138,309,0.44660194174757284,1859,0.07423345884884347,e. Inference: Causal
201,Inference,Inference: Hypothetical,171,309,0.5533980582524272,1859,0.09198493813878429,f. Inference: Hypothetical
201,Prior Knowledge,Prior Knowledge: General,184,438,0.4200913242009132,1859,0.09897794513179128,g. Prior Knowledge: General
201,Prior Knowledge,Prior Knowledge: Personal,254,438,0.5799086757990868,1859,0.13663259817105972,h. Prior Knowledge: Personal
201,Visual Observation,Visual Observation: Chart Elements,53,761,0.06964520367936924,1859,0.028509951586874662,a. Visual Observation: Chart Elements
201,Visual Observation,Visual Observation: Data Extraction,203,761,0.266754270696452,1859,0.10919849381387843,b. Visual Observation: Data Extraction
201,Visual Observation,Visual Observation: Pattern Recognition,505,761,0.6636005256241787,1859,0.27165142549757937,c. Visual Observation: Pattern Recognition
202,Curiosity,Curiosity,125,125,1.0,740,0.16891891891891891,d. Curiosity
202,Evaluative Response,Evaluative: Prescriptive,5,22,0.22727272727272727,740,0.006756756756756757,j. Evaluative: Prescriptive
202,Evaluative Response,Evaluative: Reactive,17,22,0.7727272727272727,740,0.022972972972972974,i. Evaluative: Reactive
202,Inference,Inference: Causal,47,154,0.3051948051948052,740,0.06351351351351352,e. Inference: Causal
202,Inference,Inference: Hypothetical,107,154,0.6948051948051948,740,0.1445945945945946,f. Inference: Hypothetical
202,Prior Knowledge,Prior Knowledge: General,112,206,0.5436893203883495,740,0.15135135135135136,g. Prior Knowledge: General
202,Prior Knowledge,Prior Knowledge: Personal,94,206,0.4563106796116505,740,0.12702702702702703,h. Prior Knowledge: Personal
202,Visual Observation,Visual Observation: Chart Elements,32,233,0.13733905579399142,740,0.043243243243243246,a. Visual Observation: Chart Elements
202,Visual Observation,Visual Observation: Data Extraction,79,233,0.33905579399141633,740,0.10675675675675676,b. Visual Observation: Data Extraction
202,Visual Observation,Visual Observation: Pattern Recognition,122,233,0.5236051502145923,740,0.16486486486486487,c. Visual Observation: Pattern Recognition
203,Curiosity,Curiosity,505,505,1.0,2975,0.16974789915966387,d. Curiosity
203,Evaluative Response,Evaluative: Prescriptive,54,183,0.29508196721311475,2975,0.01815126050420168,j. Evaluative: Prescriptive
203,Evaluative Response,Evaluative: Reactive,129,183,0.7049180327868853,2975,0.04336134453781513,i. Evaluative: Reactive
203,Inference,Inference: Causal,162,353,0.45892351274787535,2975,0.05445378151260504,e. Inference: Causal
203,Inference,Inference: Hypothetical,191,353,0.5410764872521246,2975,0.0642016806722689,f. Inference: Hypothetical
203,Prior Knowledge,Prior Knowledge: General,344,786,0.43765903307888043,2975,0.11563025210084034,g. Prior Knowledge: General
203,Prior Knowledge,Prior Knowledge: Personal,442,786,0.5623409669211196,2975,0.14857142857142858,h. Prior Knowledge: Personal
203,Visual Observation,Visual Observation: Chart Elements,262,1148,0.22822299651567945,2975,0.0880672268907563,a. Visual Observation: Chart Elements
203,Visual Observation,Visual Observation: Data Extraction,136,1148,0.11846689895470383,2975,0.045714285714285714,b. Visual Observation: Data Extraction
203,Visual Observation,Visual Observation: Pattern Recognition,750,1148,0.6533101045296167,2975,0.25210084033613445,c. Visual Observation: Pattern Recognition
204,Curiosity,Curiosity,351,351,1.0,1998,0.17567567567567569,d. Curiosity
204,Evaluative Response,Evaluative: Prescriptive,43,103,0.4174757281553398,1998,0.021521521521521522,j. Evaluative: Prescriptive
204,Evaluative Response,Evaluative: Reactive,60,103,0.5825242718446602,1998,0.03003003003003003,i. Evaluative: Reactive
204,Inference,Inference: Causal,155,252,0.6150793650793651,1998,0.07757757757757758,e. Inference: Causal
204,Inference,Inference: Hypothetical,97,252,0.38492063492063494,1998,0.04854854854854855,f. Inference: Hypothetical
204,Prior Knowledge,Prior Knowledge: General,177,498,0.35542168674698793,1998,0.08858858858858859,g. Prior Knowledge: General
204,Prior Knowledge,Prior Knowledge: Personal,321,498,0.6445783132530121,1998,0.16066066066066065,h. Prior Knowledge: Personal
204,Visual Observation,Visual Observation: Chart Elements,80,794,0.10075566750629723,1998,0.04004004004004004,a. Visual Observation: Chart Elements
204,Visual Observation,Visual Observation: Data Extraction,182,794,0.22921914357682618,1998,0.09109109109109109,b. Visual Observation: Data Extraction
204,Visual Observation,Visual Observation: Pattern Recognition,532,794,0.6700251889168766,1998,0.26626626626626626,c. Visual Observation: Pattern Recognition
205,Curiosity,Curiosity,342,342,1.0,2799,0.12218649517684887,d. Curiosity
205,Evaluative Response,Evaluative: Prescriptive,14,105,0.13333333333333333,2799,0.005001786352268668,j. Evaluative: Prescriptive
205,Evaluative Response,Evaluative: Reactive,91,105,0.8666666666666667,2799,0.03251161128974634,i. Evaluative: Reactive
205,Inference,Inference: Causal,239,360,0.6638888888888889,2799,0.08538763844230082,e. Inference: Causal
205,Inference,Inference: Hypothetical,121,360,0.33611111111111114,2799,0.04322972490175062,f. Inference: Hypothetical
205,Prior Knowledge,Prior Knowledge: General,319,864,0.36921296296296297,2799,0.11396927474097893,g. Prior Knowledge: General
205,Prior Knowledge,Prior Knowledge: Personal,545,864,0.6307870370370371,2799,0.19471239728474454,h. Prior Knowledge: Personal
205,Visual Observation,Visual Observation: Chart Elements,179,1128,0.15868794326241134,2799,0.06395141121829225,a. Visual Observation: Chart Elements
205,Visual Observation,Visual Observation: Data Extraction,64,1128,0.05673758865248227,2799,0.022865309038942478,b. Visual Observation: Data Extraction
205,Visual Observation,Visual Observation: Pattern Recognition,885,1128,0.7845744680851063,2799,0.3161843515541265,c. Visual Observation: Pattern Recognition
206,Curiosity,Curiosity,101,101,1.0,722,0.13988919667590027,d. Curiosity
206,Evaluative Response,Evaluative: Prescriptive,4,24,0.16666666666666666,722,0.00554016620498615,j. Evaluative: Prescriptive
206,Evaluative Response,Evaluative: Reactive,20,24,0.8333333333333334,722,0.027700831024930747,i. Evaluative: Reactive
206,Inference,Inference: Causal,65,115,0.5652173913043478,722,0.09002770083102493,e. Inference: Causal
206,Inference,Inference: Hypothetical,50,115,0.43478260869565216,722,0.06925207756232687,f. Inference: Hypothetical
206,Prior Knowledge,Prior Knowledge: General,90,201,0.44776119402985076,722,0.12465373961218837,g. Prior Knowledge: General
206,Prior Knowledge,Prior Knowledge: Personal,111,201,0.5522388059701493,722,0.15373961218836565,h. Prior Knowledge: Personal
206,Visual Observation,Visual Observation: Chart Elements,28,281,0.099644128113879,722,0.038781163434903045,a. Visual Observation: Chart Elements
206,Visual Observation,Visual Observation: Data Extraction,55,281,0.19572953736654805,722,0.07617728531855955,b. Visual Observation: Data Extraction
206,Visual Observation,Visual Observation: Pattern Recognition,198,281,0.7046263345195729,722,0.2742382271468144,c. Visual Observation: Pattern Recognition
209,Curiosity,Curiosity,297,297,1.0,1942,0.1529351184346035,d. Curiosity
209,Evaluative Response,Evaluative: Prescriptive,15,59,0.2542372881355932,1942,0.007723995880535531,j. Evaluative: Prescriptive
209,Evaluative Response,Evaluative: Reactive,44,59,0.7457627118644068,1942,0.02265705458290422,i. Evaluative: Reactive
209,Inference,Inference: Causal,204,262,0.7786259541984732,1942,0.10504634397528322,e. Inference: Causal
209,Inference,Inference: Hypothetical,58,262,0.22137404580152673,1942,0.029866117404737384,f. Inference: Hypothetical
209,Prior Knowledge,Prior Knowledge: General,231,674,0.3427299703264095,1942,0.11894953656024716,g. Prior Knowledge: General
209,Prior Knowledge,Prior Knowledge: Personal,443,674,0.6572700296735905,1942,0.22811534500514932,h. Prior Knowledge: Personal
209,Visual Observation,Visual Observation: Chart Elements,142,650,0.21846153846153846,1942,0.07312049433573635,a. Visual Observation: Chart Elements
209,Visual Observation,Visual Observation: Data Extraction,100,650,0.15384615384615385,1942,0.05149330587023687,b. Visual Observation: Data Extraction
209,Visual Observation,Visual Observation: Pattern Recognition,408,650,0.6276923076923077,1942,0.21009268795056643,c. Visual Observation: Pattern Recognition
21,Curiosity,Curiosity,52,52,1.0,443,0.11738148984198646,d. Curiosity
21,Evaluative Response,Evaluative: Prescriptive,3,16,0.1875,443,0.006772009029345372,j. Evaluative: Prescriptive
21,Evaluative Response,Evaluative: Reactive,13,16,0.8125,443,0.029345372460496615,i. Evaluative: Reactive
21,Inference,Inference: Causal,72,87,0.8275862068965517,443,0.16252821670428894,e. Inference: Causal
21,Inference,Inference: Hypothetical,15,87,0.1724137931034483,443,0.033860045146726865,f. Inference: Hypothetical
21,Prior Knowledge,Prior Knowledge: General,95,98,0.9693877551020408,443,0.2144469525959368,g. Prior Knowledge: General
21,Prior Knowledge,Prior Knowledge: Personal,3,98,0.030612244897959183,443,0.006772009029345372,h. Prior Knowledge: Personal
21,Visual Observation,Visual Observation: Chart Elements,25,190,0.13157894736842105,443,0.056433408577878104,a. Visual Observation: Chart Elements
21,Visual Observation,Visual Observation: Data Extraction,47,190,0.24736842105263157,443,0.10609480812641084,b. Visual Observation: Data Extraction
21,Visual Observation,Visual Observation: Pattern Recognition,118,190,0.6210526315789474,443,0.26636568848758463,c. Visual Observation: Pattern Recognition
210,Curiosity,Curiosity,311,311,1.0,1476,0.21070460704607047,d. Curiosity
210,Evaluative Response,Evaluative: Prescriptive,16,33,0.48484848484848486,1476,0.01084010840108401,j. Evaluative: Prescriptive
210,Evaluative Response,Evaluative: Reactive,17,33,0.5151515151515151,1476,0.011517615176151762,i. Evaluative: Reactive
210,Inference,Inference: Causal,114,295,0.3864406779661017,1476,0.07723577235772358,e. Inference: Causal
210,Inference,Inference: Hypothetical,181,295,0.6135593220338983,1476,0.12262872628726287,f. Inference: Hypothetical
210,Prior Knowledge,Prior Knowledge: General,162,352,0.4602272727272727,1476,0.10975609756097561,g. Prior Knowledge: General
210,Prior Knowledge,Prior Knowledge: Personal,190,352,0.5397727272727273,1476,0.12872628726287264,h. Prior Knowledge: Personal
210,Visual Observation,Visual Observation: Chart Elements,68,485,0.1402061855670103,1476,0.04607046070460705,a. Visual Observation: Chart Elements
210,Visual Observation,Visual Observation: Data Extraction,100,485,0.20618556701030927,1476,0.06775067750677506,b. Visual Observation: Data Extraction
210,Visual Observation,Visual Observation: Pattern Recognition,317,485,0.6536082474226804,1476,0.21476964769647697,c. Visual Observation: Pattern Recognition
212,Curiosity,Curiosity,473,473,1.0,2940,0.1608843537414966,d. Curiosity
212,Evaluative Response,Evaluative: Prescriptive,28,70,0.4,2940,0.009523809523809525,j. Evaluative: Prescriptive
212,Evaluative Response,Evaluative: Reactive,42,70,0.6,2940,0.014285714285714285,i. Evaluative: Reactive
212,Inference,Inference: Causal,128,505,0.25346534653465347,2940,0.04353741496598639,e. Inference: Causal
212,Inference,Inference: Hypothetical,377,505,0.7465346534653465,2940,0.1282312925170068,f. Inference: Hypothetical
212,Prior Knowledge,Prior Knowledge: General,408,799,0.5106382978723404,2940,0.13877551020408163,g. Prior Knowledge: General
212,Prior Knowledge,Prior Knowledge: Personal,391,799,0.48936170212765956,2940,0.13299319727891157,h. Prior Knowledge: Personal
212,Visual Observation,Visual Observation: Chart Elements,327,1093,0.2991765782250686,2940,0.11122448979591837,a. Visual Observation: Chart Elements
212,Visual Observation,Visual Observation: Data Extraction,172,1093,0.15736505032021958,2940,0.058503401360544216,b. Visual Observation: Data Extraction
212,Visual Observation,Visual Observation: Pattern Recognition,594,1093,0.5434583714547118,2940,0.20204081632653062,c. Visual Observation: Pattern Recognition
213,Curiosity,Curiosity,464,464,1.0,2142,0.2166199813258637,d. Curiosity
213,Evaluative Response,Evaluative: Prescriptive,35,80,0.4375,2142,0.016339869281045753,j. Evaluative: Prescriptive
213,Evaluative Response,Evaluative: Reactive,45,80,0.5625,2142,0.02100840336134454,i. Evaluative: Reactive
213,Inference,Inference: Causal,172,310,0.5548387096774193,2142,0.08029878618113913,e. Inference: Causal
213,Inference,Inference: Hypothetical,138,310,0.44516129032258067,2142,0.06442577030812324,f. Inference: Hypothetical
213,Prior Knowledge,Prior Knowledge: General,189,512,0.369140625,2142,0.08823529411764706,g. Prior Knowledge: General
213,Prior Knowledge,Prior Knowledge: Personal,323,512,0.630859375,2142,0.15079365079365079,h. Prior Knowledge: Personal
213,Visual Observation,Visual Observation: Chart Elements,99,776,0.12757731958762886,2142,0.046218487394957986,a. Visual Observation: Chart Elements
213,Visual Observation,Visual Observation: Data Extraction,108,776,0.13917525773195877,2142,0.05042016806722689,b. Visual Observation: Data Extraction
213,Visual Observation,Visual Observation: Pattern Recognition,569,776,0.7332474226804123,2142,0.26563958916900093,c. Visual Observation: Pattern Recognition
214,Curiosity,Curiosity,220,220,1.0,1420,0.15492957746478872,d. Curiosity
214,Evaluative Response,Evaluative: Prescriptive,38,85,0.4470588235294118,1420,0.02676056338028169,j. Evaluative: Prescriptive
214,Evaluative Response,Evaluative: Reactive,47,85,0.5529411764705883,1420,0.03309859154929577,i. Evaluative: Reactive
214,Inference,Inference: Causal,106,285,0.3719298245614035,1420,0.07464788732394366,e. Inference: Causal
214,Inference,Inference: Hypothetical,179,285,0.6280701754385964,1420,0.126056338028169,f. Inference: Hypothetical
214,Prior Knowledge,Prior Knowledge: General,172,314,0.5477707006369427,1420,0.12112676056338029,g. Prior Knowledge: General
214,Prior Knowledge,Prior Knowledge: Personal,142,314,0.45222929936305734,1420,0.1,h. Prior Knowledge: Personal
214,Visual Observation,Visual Observation: Chart Elements,60,516,0.11627906976744186,1420,0.04225352112676056,a. Visual Observation: Chart Elements
214,Visual Observation,Visual Observation: Data Extraction,96,516,0.18604651162790697,1420,0.0676056338028169,b. Visual Observation: Data Extraction
214,Visual Observation,Visual Observation: Pattern Recognition,360,516,0.6976744186046512,1420,0.2535211267605634,c. Visual Observation: Pattern Recognition
215,Curiosity,Curiosity,486,486,1.0,2574,0.1888111888111888,d. Curiosity
215,Evaluative Response,Evaluative: Prescriptive,15,71,0.2112676056338028,2574,0.005827505827505828,j. Evaluative: Prescriptive
215,Evaluative Response,Evaluative: Reactive,56,71,0.7887323943661971,2574,0.021756021756021756,i. Evaluative: Reactive
215,Inference,Inference: Causal,298,593,0.5025295109612141,2574,0.11577311577311578,e. Inference: Causal
215,Inference,Inference: Hypothetical,295,593,0.4974704890387858,2574,0.11460761460761461,f. Inference: Hypothetical
215,Prior Knowledge,Prior Knowledge: General,298,513,0.580896686159844,2574,0.11577311577311578,g. Prior Knowledge: General
215,Prior Knowledge,Prior Knowledge: Personal,215,513,0.4191033138401559,2574,0.08352758352758352,h. Prior Knowledge: Personal
215,Visual Observation,Visual Observation: Chart Elements,89,911,0.09769484083424808,2574,0.034576534576534576,a. Visual Observation: Chart Elements
215,Visual Observation,Visual Observation: Data Extraction,197,911,0.21624588364434688,2574,0.07653457653457653,b. Visual Observation: Data Extraction
215,Visual Observation,Visual Observation: Pattern Recognition,625,911,0.686059275521405,2574,0.24281274281274282,c. Visual Observation: Pattern Recognition
216,Curiosity,Curiosity,360,360,1.0,2186,0.16468435498627632,d. Curiosity
216,Evaluative Response,Evaluative: Prescriptive,4,31,0.12903225806451613,2186,0.0018298261665141812,j. Evaluative: Prescriptive
216,Evaluative Response,Evaluative: Reactive,27,31,0.8709677419354839,2186,0.012351326623970723,i. Evaluative: Reactive
216,Inference,Inference: Causal,165,232,0.7112068965517241,2186,0.07548032936870998,e. Inference: Causal
216,Inference,Inference: Hypothetical,67,232,0.28879310344827586,2186,0.030649588289112534,f. Inference: Hypothetical
216,Prior Knowledge,Prior Knowledge: General,244,640,0.38125,2186,0.11161939615736505,g. Prior Knowledge: General
216,Prior Knowledge,Prior Knowledge: Personal,396,640,0.61875,2186,0.18115279048490393,h. Prior Knowledge: Personal
216,Visual Observation,Visual Observation: Chart Elements,125,923,0.13542795232936078,2186,0.05718206770356816,a. Visual Observation: Chart Elements
216,Visual Observation,Visual Observation: Data Extraction,97,923,0.10509209100758396,2186,0.04437328453796889,b. Visual Observation: Data Extraction
216,Visual Observation,Visual Observation: Pattern Recognition,701,923,0.7594799566630552,2186,0.32067703568161027,c. Visual Observation: Pattern Recognition
22,Curiosity,Curiosity,97,97,1.0,468,0.20726495726495728,d. Curiosity
22,Evaluative Response,Evaluative: Prescriptive,10,27,0.37037037037037035,468,0.021367521367521368,j. Evaluative: Prescriptive
22,Evaluative Response,Evaluative: Reactive,17,27,0.6296296296296297,468,0.03632478632478633,i. Evaluative: Reactive
22,Inference,Inference: Causal,27,62,0.43548387096774194,468,0.057692307692307696,e. Inference: Causal
22,Inference,Inference: Hypothetical,35,62,0.5645161290322581,468,0.07478632478632478,f. Inference: Hypothetical
22,Prior Knowledge,Prior Knowledge: General,77,91,0.8461538461538461,468,0.16452991452991453,g. Prior Knowledge: General
22,Prior Knowledge,Prior Knowledge: Personal,14,91,0.15384615384615385,468,0.029914529914529916,h. Prior Knowledge: Personal
22,Visual Observation,Visual Observation: Chart Elements,45,191,0.2356020942408377,468,0.09615384615384616,a. Visual Observation: Chart Elements
22,Visual Observation,Visual Observation: Data Extraction,49,191,0.25654450261780104,468,0.1047008547008547,b. Visual Observation: Data Extraction
22,Visual Observation,Visual Observation: Pattern Recognition,97,191,0.5078534031413613,468,0.20726495726495728,c. Visual Observation: Pattern Recognition
23,Curiosity,Curiosity,116,116,1.0,760,0.15263157894736842,d. Curiosity
23,Evaluative Response,Evaluative: Prescriptive,11,48,0.22916666666666666,760,0.014473684210526316,j. Evaluative: Prescriptive
23,Evaluative Response,Evaluative: Reactive,37,48,0.7708333333333334,760,0.04868421052631579,i. Evaluative: Reactive
23,Inference,Inference: Causal,103,182,0.5659340659340659,760,0.1355263157894737,e. Inference: Causal
23,Inference,Inference: Hypothetical,79,182,0.4340659340659341,760,0.10394736842105264,f. Inference: Hypothetical
23,Prior Knowledge,Prior Knowledge: General,122,141,0.8652482269503546,760,0.16052631578947368,g. Prior Knowledge: General
23,Prior Knowledge,Prior Knowledge: Personal,19,141,0.1347517730496454,760,0.025,h. Prior Knowledge: Personal
23,Visual Observation,Visual Observation: Chart Elements,147,273,0.5384615384615384,760,0.19342105263157894,a. Visual Observation: Chart Elements
23,Visual Observation,Visual Observation: Data Extraction,27,273,0.0989010989010989,760,0.035526315789473684,b. Visual Observation: Data Extraction
23,Visual Observation,Visual Observation: Pattern Recognition,99,273,0.3626373626373626,760,0.13026315789473683,c. Visual Observation: Pattern Recognition
24,Curiosity,Curiosity,822,822,1.0,3835,0.21434159061277705,d. Curiosity
24,Evaluative Response,Evaluative: Prescriptive,32,152,0.21052631578947367,3835,0.008344198174706649,j. Evaluative: Prescriptive
24,Evaluative Response,Evaluative: Reactive,120,152,0.7894736842105263,3835,0.03129074315514994,i. Evaluative: Reactive
24,Inference,Inference: Causal,224,452,0.49557522123893805,3835,0.05840938722294654,e. Inference: Causal
24,Inference,Inference: Hypothetical,228,452,0.504424778761062,3835,0.059452411994784876,f. Inference: Hypothetical
24,Prior Knowledge,Prior Knowledge: General,482,1222,0.3944353518821604,3835,0.1256844850065189,g. Prior Knowledge: General
24,Prior Knowledge,Prior Knowledge: Personal,740,1222,0.6055646481178396,3835,0.19295958279009126,h. Prior Knowledge: Personal
24,Visual Observation,Visual Observation: Chart Elements,185,1187,0.15585509688289806,3835,0.048239895697522815,a. Visual Observation: Chart Elements
24,Visual Observation,Visual Observation: Data Extraction,349,1187,0.2940185341196293,3835,0.0910039113428944,b. Visual Observation: Data Extraction
24,Visual Observation,Visual Observation: Pattern Recognition,653,1187,0.5501263689974726,3835,0.17027379400260756,c. Visual Observation: Pattern Recognition
25,Curiosity,Curiosity,81,81,1.0,665,0.12180451127819548,d. Curiosity
25,Evaluative Response,Evaluative: Prescriptive,30,78,0.38461538461538464,665,0.045112781954887216,j. Evaluative: Prescriptive
25,Evaluative Response,Evaluative: Reactive,48,78,0.6153846153846154,665,0.07218045112781955,i. Evaluative: Reactive
25,Inference,Inference: Causal,41,186,0.22043010752688172,665,0.061654135338345864,e. Inference: Causal
25,Inference,Inference: Hypothetical,145,186,0.7795698924731183,665,0.21804511278195488,f. Inference: Hypothetical
25,Prior Knowledge,Prior Knowledge: General,82,133,0.6165413533834586,665,0.12330827067669173,g. Prior Knowledge: General
25,Prior Knowledge,Prior Knowledge: Personal,51,133,0.38345864661654133,665,0.07669172932330827,h. Prior Knowledge: Personal
25,Visual Observation,Visual Observation: Chart Elements,33,187,0.17647058823529413,665,0.04962406015037594,a. Visual Observation: Chart Elements
25,Visual Observation,Visual Observation: Data Extraction,74,187,0.39572192513368987,665,0.11127819548872181,b. Visual Observation: Data Extraction
25,Visual Observation,Visual Observation: Pattern Recognition,80,187,0.42780748663101603,665,0.12030075187969924,c. Visual Observation: Pattern Recognition
26,Curiosity,Curiosity,21,21,1.0,54,0.3888888888888889,d. Curiosity
26,Evaluative Response,Evaluative: Reactive,1,1,1.0,54,0.018518518518518517,i. Evaluative: Reactive
26,Inference,Inference: Causal,5,5,1.0,54,0.09259259259259259,e. Inference: Causal
26,Prior Knowledge,Prior Knowledge: General,2,2,1.0,54,0.037037037037037035,g. Prior Knowledge: General
26,Visual Observation,Visual Observation: Chart Elements,7,25,0.28,54,0.12962962962962962,a. Visual Observation: Chart Elements
26,Visual Observation,Visual Observation: Data Extraction,3,25,0.12,54,0.05555555555555555,b. Visual Observation: Data Extraction
26,Visual Observation,Visual Observation: Pattern Recognition,15,25,0.6,54,0.2777777777777778,c. Visual Observation: Pattern Recognition
27,Curiosity,Curiosity,61,61,1.0,391,0.15601023017902813,d. Curiosity
27,Evaluative Response,Evaluative: Prescriptive,11,33,0.3333333333333333,391,0.028132992327365727,j. Evaluative: Prescriptive
27,Evaluative Response,Evaluative: Reactive,22,33,0.6666666666666666,391,0.056265984654731455,i. Evaluative: Reactive
27,Inference,Inference: Causal,30,52,0.5769230769230769,391,0.07672634271099744,e. Inference: Causal
27,Inference,Inference: Hypothetical,22,52,0.4230769230769231,391,0.056265984654731455,f. Inference: Hypothetical
27,Prior Knowledge,Prior Knowledge: General,79,87,0.9080459770114943,391,0.2020460358056266,g. Prior Knowledge: General
27,Prior Knowledge,Prior Knowledge: Personal,8,87,0.09195402298850575,391,0.020460358056265986,h. Prior Knowledge: Personal
27,Visual Observation,Visual Observation: Chart Elements,29,158,0.18354430379746836,391,0.0741687979539642,a. Visual Observation: Chart Elements
27,Visual Observation,Visual Observation: Data Extraction,22,158,0.13924050632911392,391,0.056265984654731455,b. Visual Observation: Data Extraction
27,Visual Observation,Visual Observation: Pattern Recognition,107,158,0.6772151898734177,391,0.27365728900255754,c. Visual Observation: Pattern Recognition
28,Curiosity,Curiosity,131,131,1.0,1172,0.11177474402730375,d. Curiosity
28,Evaluative Response,Evaluative: Prescriptive,4,39,0.10256410256410256,1172,0.0034129692832764505,j. Evaluative: Prescriptive
28,Evaluative Response,Evaluative: Reactive,35,39,0.8974358974358975,1172,0.029863481228668942,i. Evaluative: Reactive
28,Inference,Inference: Causal,136,188,0.723404255319149,1172,0.11604095563139932,e. Inference: Causal
28,Inference,Inference: Hypothetical,52,188,0.2765957446808511,1172,0.04436860068259386,f. Inference: Hypothetical
28,Prior Knowledge,Prior Knowledge: General,315,359,0.8774373259052924,1172,0.2687713310580205,g. Prior Knowledge: General
28,Prior Knowledge,Prior Knowledge: Personal,44,359,0.12256267409470752,1172,0.03754266211604096,h. Prior Knowledge: Personal
28,Visual Observation,Visual Observation: Chart Elements,86,455,0.189010989010989,1172,0.07337883959044368,a. Visual Observation: Chart Elements
28,Visual Observation,Visual Observation: Data Extraction,76,455,0.16703296703296702,1172,0.06484641638225255,b. Visual Observation: Data Extraction
28,Visual Observation,Visual Observation: Pattern Recognition,293,455,0.643956043956044,1172,0.25,c. Visual Observation: Pattern Recognition
29,Curiosity,Curiosity,382,382,1.0,2202,0.1734786557674841,d. Curiosity
29,Evaluative Response,Evaluative: Prescriptive,119,251,0.47410358565737054,2202,0.05404178019981835,j. Evaluative: Prescriptive
29,Evaluative Response,Evaluative: Reactive,132,251,0.5258964143426295,2202,0.05994550408719346,i. Evaluative: Reactive
29,Inference,Inference: Causal,161,375,0.42933333333333334,2202,0.07311534968210717,e. Inference: Causal
29,Inference,Inference: Hypothetical,214,375,0.5706666666666667,2202,0.0971843778383288,f. Inference: Hypothetical
29,Prior Knowledge,Prior Knowledge: General,435,453,0.9602649006622517,2202,0.19754768392370572,g. Prior Knowledge: General
29,Prior Knowledge,Prior Knowledge: Personal,18,453,0.039735099337748346,2202,0.008174386920980926,h. Prior Knowledge: Personal
29,Visual Observation,Visual Observation: Chart Elements,143,741,0.19298245614035087,2202,0.06494096276112625,a. Visual Observation: Chart Elements
29,Visual Observation,Visual Observation: Data Extraction,185,741,0.2496626180836707,2202,0.08401453224341508,b. Visual Observation: Data Extraction
29,Visual Observation,Visual Observation: Pattern Recognition,413,741,0.5573549257759784,2202,0.18755676657584014,c. Visual Observation: Pattern Recognition
3,Curiosity,Curiosity,270,270,1.0,2177,0.1240238860817639,d. Curiosity
3,Evaluative Response,Evaluative: Prescriptive,90,138,0.6521739130434783,2177,0.04134129536058796,j. Evaluative: Prescriptive
3,Evaluative Response,Evaluative: Reactive,48,138,0.34782608695652173,2177,0.022048690858980247,i. Evaluative: Reactive
3,Inference,Inference: Causal,152,240,0.6333333333333333,2177,0.06982085438677078,e. Inference: Causal
3,Inference,Inference: Hypothetical,88,240,0.36666666666666664,2177,0.040422599908130456,f. Inference: Hypothetical
3,Prior Knowledge,Prior Knowledge: General,239,280,0.8535714285714285,2177,0.10978410656867249,g. Prior Knowledge: General
3,Prior Knowledge,Prior Knowledge: Personal,41,280,0.14642857142857144,2177,0.018833256775378962,h. Prior Knowledge: Personal
3,Visual Observation,Visual Observation: Chart Elements,455,1249,0.36429143314651724,2177,0.2090032154340836,a. Visual Observation: Chart Elements
3,Visual Observation,Visual Observation: Data Extraction,182,1249,0.14571657325860687,2177,0.08360128617363344,b. Visual Observation: Data Extraction
3,Visual Observation,Visual Observation: Pattern Recognition,612,1249,0.4899919935948759,2177,0.28112080845199816,c. Visual Observation: Pattern Recognition
30,Curiosity,Curiosity,196,196,1.0,1036,0.1891891891891892,d. Curiosity
30,Evaluative Response,Evaluative: Prescriptive,25,95,0.2631578947368421,1036,0.02413127413127413,j. Evaluative: Prescriptive
30,Evaluative Response,Evaluative: Reactive,70,95,0.7368421052631579,1036,0.06756756756756757,i. Evaluative: Reactive
30,Inference,Inference: Causal,138,263,0.5247148288973384,1036,0.13320463320463322,e. Inference: Causal
30,Inference,Inference: Hypothetical,125,263,0.4752851711026616,1036,0.12065637065637065,f. Inference: Hypothetical
30,Prior Knowledge,Prior Knowledge: General,133,144,0.9236111111111112,1036,0.12837837837837837,g. Prior Knowledge: General
30,Prior Knowledge,Prior Knowledge: Personal,11,144,0.0763888888888889,1036,0.010617760617760617,h. Prior Knowledge: Personal
30,Visual Observation,Visual Observation: Chart Elements,134,338,0.39644970414201186,1036,0.12934362934362933,a. Visual Observation: Chart Elements
30,Visual Observation,Visual Observation: Data Extraction,87,338,0.257396449704142,1036,0.08397683397683398,b. Visual Observation: Data Extraction
30,Visual Observation,Visual Observation: Pattern Recognition,117,338,0.34615384615384615,1036,0.11293436293436293,c. Visual Observation: Pattern Recognition
31,Curiosity,Curiosity,285,285,1.0,2298,0.12402088772845953,d. Curiosity
31,Evaluative Response,Evaluative: Prescriptive,29,110,0.2636363636363636,2298,0.012619669277632724,j. Evaluative: Prescriptive
31,Evaluative Response,Evaluative: Reactive,81,110,0.7363636363636363,2298,0.03524804177545692,i. Evaluative: Reactive
31,Inference,Inference: Causal,209,318,0.6572327044025157,2298,0.09094865100087032,e. Inference: Causal
31,Inference,Inference: Hypothetical,109,318,0.34276729559748426,2298,0.047432550043516104,f. Inference: Hypothetical
31,Prior Knowledge,Prior Knowledge: General,360,413,0.8716707021791767,2298,0.1566579634464752,g. Prior Knowledge: General
31,Prior Knowledge,Prior Knowledge: Personal,53,413,0.12832929782082325,2298,0.023063533507397736,h. Prior Knowledge: Personal
31,Visual Observation,Visual Observation: Chart Elements,149,1172,0.12713310580204779,2298,0.06483899042645778,a. Visual Observation: Chart Elements
31,Visual Observation,Visual Observation: Data Extraction,141,1172,0.12030716723549488,2298,0.06135770234986945,b. Visual Observation: Data Extraction
31,Visual Observation,Visual Observation: Pattern Recognition,882,1172,0.7525597269624573,2298,0.3838120104438642,c. Visual Observation: Pattern Recognition
32,Curiosity,Curiosity,398,398,1.0,2732,0.14568081991215226,d. Curiosity
32,Evaluative Response,Evaluative: Prescriptive,68,184,0.3695652173913043,2732,0.024890190336749635,j. Evaluative: Prescriptive
32,Evaluative Response,Evaluative: Reactive,116,184,0.6304347826086957,2732,0.0424597364568082,i. Evaluative: Reactive
32,Inference,Inference: Causal,125,307,0.40716612377850164,2732,0.04575402635431918,e. Inference: Causal
32,Inference,Inference: Hypothetical,182,307,0.5928338762214984,2732,0.06661786237188873,f. Inference: Hypothetical
32,Prior Knowledge,Prior Knowledge: General,241,624,0.38621794871794873,2732,0.08821376281112737,g. Prior Knowledge: General
32,Prior Knowledge,Prior Knowledge: Personal,383,624,0.6137820512820513,2732,0.14019033674963396,h. Prior Knowledge: Personal
32,Visual Observation,Visual Observation: Chart Elements,344,1219,0.28219852337981954,2732,0.1259150805270864,a. Visual Observation: Chart Elements
32,Visual Observation,Visual Observation: Data Extraction,271,1219,0.22231337161607875,2732,0.09919472913616398,b. Visual Observation: Data Extraction
32,Visual Observation,Visual Observation: Pattern Recognition,604,1219,0.49548810500410173,2732,0.22108345534407028,c. Visual Observation: Pattern Recognition
33,Curiosity,Curiosity,465,465,1.0,2658,0.17494356659142213,d. Curiosity
33,Evaluative Response,Evaluative: Prescriptive,38,103,0.36893203883495146,2658,0.014296463506395787,j. Evaluative: Prescriptive
33,Evaluative Response,Evaluative: Reactive,65,103,0.6310679611650486,2658,0.024454477050413845,i. Evaluative: Reactive
33,Inference,Inference: Causal,95,173,0.5491329479768786,2658,0.03574115876598947,e. Inference: Causal
33,Inference,Inference: Hypothetical,78,173,0.4508670520231214,2658,0.029345372460496615,f. Inference: Hypothetical
33,Prior Knowledge,Prior Knowledge: General,356,394,0.9035532994923858,2658,0.13393528969149737,g. Prior Knowledge: General
33,Prior Knowledge,Prior Knowledge: Personal,38,394,0.09644670050761421,2658,0.014296463506395787,h. Prior Knowledge: Personal
33,Visual Observation,Visual Observation: Chart Elements,283,1523,0.18581746552856204,2658,0.10647103085026335,a. Visual Observation: Chart Elements
33,Visual Observation,Visual Observation: Data Extraction,280,1523,0.18384766907419567,2658,0.1053423626787058,b. Visual Observation: Data Extraction
33,Visual Observation,Visual Observation: Pattern Recognition,960,1523,0.6303348653972423,2658,0.3611738148984199,c. Visual Observation: Pattern Recognition
34,Curiosity,Curiosity,337,337,1.0,1812,0.1859823399558499,d. Curiosity
34,Evaluative Response,Evaluative: Prescriptive,24,121,0.19834710743801653,1812,0.013245033112582781,j. Evaluative: Prescriptive
34,Evaluative Response,Evaluative: Reactive,97,121,0.8016528925619835,1812,0.05353200883002208,i. Evaluative: Reactive
34,Inference,Inference: Causal,42,340,0.12352941176470589,1812,0.023178807947019868,e. Inference: Causal
34,Inference,Inference: Hypothetical,298,340,0.8764705882352941,1812,0.16445916114790288,f. Inference: Hypothetical
34,Prior Knowledge,Prior Knowledge: General,174,204,0.8529411764705882,1812,0.09602649006622517,g. Prior Knowledge: General
34,Prior Knowledge,Prior Knowledge: Personal,30,204,0.14705882352941177,1812,0.016556291390728478,h. Prior Knowledge: Personal
34,Visual Observation,Visual Observation: Chart Elements,396,810,0.4888888888888889,1812,0.2185430463576159,a. Visual Observation: Chart Elements
34,Visual Observation,Visual Observation: Data Extraction,34,810,0.04197530864197531,1812,0.018763796909492272,b. Visual Observation: Data Extraction
34,Visual Observation,Visual Observation: Pattern Recognition,380,810,0.4691358024691358,1812,0.2097130242825607,c. Visual Observation: Pattern Recognition
35,Curiosity,Curiosity,124,124,1.0,716,0.17318435754189945,d. Curiosity
35,Evaluative Response,Evaluative: Prescriptive,8,37,0.21621621621621623,716,0.0111731843575419,j. Evaluative: Prescriptive
35,Evaluative Response,Evaluative: Reactive,29,37,0.7837837837837838,716,0.040502793296089384,i. Evaluative: Reactive
35,Inference,Inference: Causal,83,113,0.7345132743362832,716,0.11592178770949721,e. Inference: Causal
35,Inference,Inference: Hypothetical,30,113,0.26548672566371684,716,0.04189944134078212,f. Inference: Hypothetical
35,Prior Knowledge,Prior Knowledge: General,80,110,0.7272727272727273,716,0.11173184357541899,g. Prior Knowledge: General
35,Prior Knowledge,Prior Knowledge: Personal,30,110,0.2727272727272727,716,0.04189944134078212,h. Prior Knowledge: Personal
35,Visual Observation,Visual Observation: Chart Elements,89,332,0.2680722891566265,716,0.12430167597765363,a. Visual Observation: Chart Elements
35,Visual Observation,Visual Observation: Data Extraction,50,332,0.15060240963855423,716,0.06983240223463687,b. Visual Observation: Data Extraction
35,Visual Observation,Visual Observation: Pattern Recognition,193,332,0.5813253012048193,716,0.26955307262569833,c. Visual Observation: Pattern Recognition
36,Curiosity,Curiosity,56,56,1.0,442,0.12669683257918551,d. Curiosity
36,Evaluative Response,Evaluative: Prescriptive,1,28,0.03571428571428571,442,0.0022624434389140274,j. Evaluative: Prescriptive
36,Evaluative Response,Evaluative: Reactive,27,28,0.9642857142857143,442,0.06108597285067873,i. Evaluative: Reactive
36,Inference,Inference: Causal,34,57,0.5964912280701754,442,0.07692307692307693,e. Inference: Causal
36,Inference,Inference: Hypothetical,23,57,0.40350877192982454,442,0.05203619909502263,f. Inference: Hypothetical
36,Prior Knowledge,Prior Knowledge: General,25,38,0.6578947368421053,442,0.05656108597285068,g. Prior Knowledge: General
36,Prior Knowledge,Prior Knowledge: Personal,13,38,0.34210526315789475,442,0.029411764705882353,h. Prior Knowledge: Personal
36,Visual Observation,Visual Observation: Chart Elements,90,263,0.34220532319391633,442,0.20361990950226244,a. Visual Observation: Chart Elements
36,Visual Observation,Visual Observation: Data Extraction,41,263,0.155893536121673,442,0.09276018099547512,b. Visual Observation: Data Extraction
36,Visual Observation,Visual Observation: Pattern Recognition,132,263,0.5019011406844106,442,0.2986425339366516,c. Visual Observation: Pattern Recognition
37,Curiosity,Curiosity,108,108,1.0,794,0.13602015113350127,d. Curiosity
37,Evaluative Response,Evaluative: Prescriptive,28,76,0.3684210526315789,794,0.03526448362720403,j. Evaluative: Prescriptive
37,Evaluative Response,Evaluative: Reactive,48,76,0.631578947368421,794,0.060453400503778336,i. Evaluative: Reactive
37,Inference,Inference: Causal,58,96,0.6041666666666666,794,0.07304785894206549,e. Inference: Causal
37,Inference,Inference: Hypothetical,38,96,0.3958333333333333,794,0.04785894206549118,f. Inference: Hypothetical
37,Prior Knowledge,Prior Knowledge: General,61,131,0.46564885496183206,794,0.07682619647355164,g. Prior Knowledge: General
37,Prior Knowledge,Prior Knowledge: Personal,70,131,0.5343511450381679,794,0.08816120906801007,h. Prior Knowledge: Personal
37,Visual Observation,Visual Observation: Chart Elements,54,383,0.1409921671018277,794,0.06801007556675064,a. Visual Observation: Chart Elements
37,Visual Observation,Visual Observation: Data Extraction,145,383,0.3785900783289817,794,0.18261964735516373,b. Visual Observation: Data Extraction
37,Visual Observation,Visual Observation: Pattern Recognition,184,383,0.4804177545691906,794,0.23173803526448364,c. Visual Observation: Pattern Recognition
38,Curiosity,Curiosity,166,166,1.0,1050,0.1580952380952381,d. Curiosity
38,Evaluative Response,Evaluative: Prescriptive,16,45,0.35555555555555557,1050,0.015238095238095238,j. Evaluative: Prescriptive
38,Evaluative Response,Evaluative: Reactive,29,45,0.6444444444444445,1050,0.02761904761904762,i. Evaluative: Reactive
38,Inference,Inference: Causal,102,315,0.3238095238095238,1050,0.09714285714285714,e. Inference: Causal
38,Inference,Inference: Hypothetical,213,315,0.6761904761904762,1050,0.20285714285714285,f. Inference: Hypothetical
38,Prior Knowledge,Prior Knowledge: General,143,218,0.6559633027522935,1050,0.1361904761904762,g. Prior Knowledge: General
38,Prior Knowledge,Prior Knowledge: Personal,75,218,0.3440366972477064,1050,0.07142857142857142,h. Prior Knowledge: Personal
38,Visual Observation,Visual Observation: Chart Elements,55,306,0.17973856209150327,1050,0.05238095238095238,a. Visual Observation: Chart Elements
38,Visual Observation,Visual Observation: Data Extraction,58,306,0.1895424836601307,1050,0.05523809523809524,b. Visual Observation: Data Extraction
38,Visual Observation,Visual Observation: Pattern Recognition,193,306,0.630718954248366,1050,0.1838095238095238,c. Visual Observation: Pattern Recognition
39,Curiosity,Curiosity,388,388,1.0,2887,0.13439556633183236,d. Curiosity
39,Evaluative Response,Evaluative: Prescriptive,153,336,0.45535714285714285,2887,0.052996189816418425,j. Evaluative: Prescriptive
39,Evaluative Response,Evaluative: Reactive,183,336,0.5446428571428571,2887,0.0633875995843436,i. Evaluative: Reactive
39,Inference,Inference: Causal,215,447,0.4809843400447427,2887,0.0744717700034638,e. Inference: Causal
39,Inference,Inference: Hypothetical,232,447,0.5190156599552572,2887,0.0803602355386214,f. Inference: Hypothetical
39,Prior Knowledge,Prior Knowledge: General,615,869,0.7077100115074798,2887,0.21302390024246623,g. Prior Knowledge: General
39,Prior Knowledge,Prior Knowledge: Personal,254,869,0.29228998849252014,2887,0.08798060270176654,h. Prior Knowledge: Personal
39,Visual Observation,Visual Observation: Chart Elements,184,847,0.21723730814639905,2887,0.06373397990994112,a. Visual Observation: Chart Elements
39,Visual Observation,Visual Observation: Data Extraction,227,847,0.2680047225501771,2887,0.07862833391063388,b. Visual Observation: Data Extraction
39,Visual Observation,Visual Observation: Pattern Recognition,436,847,0.5147579693034239,2887,0.15102182196051264,c. Visual Observation: Pattern Recognition
4,Curiosity,Curiosity,302,302,1.0,1729,0.17466743782533256,d. Curiosity
4,Evaluative Response,Evaluative: Prescriptive,15,57,0.2631578947368421,1729,0.008675534991324466,j. Evaluative: Prescriptive
4,Evaluative Response,Evaluative: Reactive,42,57,0.7368421052631579,1729,0.024291497975708502,i. Evaluative: Reactive
4,Inference,Inference: Causal,243,317,0.7665615141955836,1729,0.14054366685945632,e. Inference: Causal
4,Inference,Inference: Hypothetical,74,317,0.2334384858044164,1729,0.042799305957200696,f. Inference: Hypothetical
4,Prior Knowledge,Prior Knowledge: General,211,219,0.9634703196347032,1729,0.12203585887796414,g. Prior Knowledge: General
4,Prior Knowledge,Prior Knowledge: Personal,8,219,0.0365296803652968,1729,0.004626951995373048,h. Prior Knowledge: Personal
4,Visual Observation,Visual Observation: Chart Elements,218,834,0.26139088729016785,1729,0.12608444187391557,a. Visual Observation: Chart Elements
4,Visual Observation,Visual Observation: Data Extraction,76,834,0.09112709832134293,1729,0.04395604395604396,b. Visual Observation: Data Extraction
4,Visual Observation,Visual Observation: Pattern Recognition,540,834,0.6474820143884892,1729,0.31231925968768076,c. Visual Observation: Pattern Recognition
40,Curiosity,Curiosity,1522,1522,1.0,6220,0.24469453376205788,d. Curiosity
40,Evaluative Response,Evaluative: Prescriptive,38,128,0.296875,6220,0.006109324758842444,j. Evaluative: Prescriptive
40,Evaluative Response,Evaluative: Reactive,90,128,0.703125,6220,0.014469453376205787,i. Evaluative: Reactive
40,Inference,Inference: Causal,251,1095,0.22922374429223744,6220,0.040353697749196143,e. Inference: Causal
40,Inference,Inference: Hypothetical,844,1095,0.7707762557077625,6220,0.13569131832797426,f. Inference: Hypothetical
40,Prior Knowledge,Prior Knowledge: General,523,593,0.8819561551433389,6220,0.08408360128617363,g. Prior Knowledge: General
40,Prior Knowledge,Prior Knowledge: Personal,70,593,0.11804384485666104,6220,0.011254019292604502,h. Prior Knowledge: Personal
40,Visual Observation,Visual Observation: Chart Elements,1199,2882,0.41603053435114506,6220,0.1927652733118971,a. Visual Observation: Chart Elements
40,Visual Observation,Visual Observation: Data Extraction,145,2882,0.050312283136710614,6220,0.023311897106109324,b. Visual Observation: Data Extraction
40,Visual Observation,Visual Observation: Pattern Recognition,1538,2882,0.5336571825121443,6220,0.2472668810289389,c. Visual Observation: Pattern Recognition
41,Curiosity,Curiosity,7635,7635,1.0,32230,0.23689109525287,d. Curiosity
41,Evaluative Response,Evaluative: Prescriptive,41,247,0.1659919028340081,32230,0.001272106732857586,j. Evaluative: Prescriptive
41,Evaluative Response,Evaluative: Reactive,206,247,0.8340080971659919,32230,0.006391560657772262,i. Evaluative: Reactive
41,Inference,Inference: Causal,1466,2614,0.5608263198163733,32230,0.04548557244802979,e. Inference: Causal
41,Inference,Inference: Hypothetical,1148,2614,0.4391736801836266,32230,0.03561898852001241,f. Inference: Hypothetical
41,Prior Knowledge,Prior Knowledge: General,1398,1604,0.871571072319202,32230,0.04337573689109525,g. Prior Knowledge: General
41,Prior Knowledge,Prior Knowledge: Personal,206,1604,0.128428927680798,32230,0.006391560657772262,h. Prior Knowledge: Personal
41,Visual Observation,Visual Observation: Chart Elements,2695,20130,0.13387978142076504,32230,0.08361774744027303,a. Visual Observation: Chart Elements
41,Visual Observation,Visual Observation: Data Extraction,4855,20130,0.24118231495280676,32230,0.1506360533664288,b. Visual Observation: Data Extraction
41,Visual Observation,Visual Observation: Pattern Recognition,12580,20130,0.6249379036264282,32230,0.39031957803288864,c. Visual Observation: Pattern Recognition
42,Curiosity,Curiosity,204,204,1.0,1059,0.19263456090651557,d. Curiosity
42,Evaluative Response,Evaluative: Prescriptive,13,45,0.28888888888888886,1059,0.012275731822474031,j. Evaluative: Prescriptive
42,Evaluative Response,Evaluative: Reactive,32,45,0.7111111111111111,1059,0.030217186024551465,i. Evaluative: Reactive
42,Inference,Inference: Causal,117,165,0.7090909090909091,1059,0.11048158640226628,e. Inference: Causal
42,Inference,Inference: Hypothetical,48,165,0.2909090909090909,1059,0.0453257790368272,f. Inference: Hypothetical
42,Prior Knowledge,Prior Knowledge: General,163,179,0.9106145251396648,1059,0.153918791312559,g. Prior Knowledge: General
42,Prior Knowledge,Prior Knowledge: Personal,16,179,0.0893854748603352,1059,0.015108593012275733,h. Prior Knowledge: Personal
42,Visual Observation,Visual Observation: Chart Elements,124,466,0.26609442060085836,1059,0.11709159584513693,a. Visual Observation: Chart Elements
42,Visual Observation,Visual Observation: Data Extraction,26,466,0.055793991416309016,1059,0.024551463644948063,b. Visual Observation: Data Extraction
42,Visual Observation,Visual Observation: Pattern Recognition,316,466,0.6781115879828327,1059,0.2983947119924457,c. Visual Observation: Pattern Recognition
43,Curiosity,Curiosity,237,237,1.0,1745,0.13581661891117477,d. Curiosity
43,Evaluative Response,Evaluative: Prescriptive,27,106,0.25471698113207547,1745,0.015472779369627506,j. Evaluative: Prescriptive
43,Evaluative Response,Evaluative: Reactive,79,106,0.7452830188679245,1745,0.04527220630372493,i. Evaluative: Reactive
43,Inference,Inference: Causal,140,219,0.639269406392694,1745,0.08022922636103152,e. Inference: Causal
43,Inference,Inference: Hypothetical,79,219,0.3607305936073059,1745,0.04527220630372493,f. Inference: Hypothetical
43,Prior Knowledge,Prior Knowledge: General,201,233,0.8626609442060086,1745,0.1151862464183381,g. Prior Knowledge: General
43,Prior Knowledge,Prior Knowledge: Personal,32,233,0.13733905579399142,1745,0.01833810888252149,h. Prior Knowledge: Personal
43,Visual Observation,Visual Observation: Chart Elements,257,950,0.27052631578947367,1745,0.1472779369627507,a. Visual Observation: Chart Elements
43,Visual Observation,Visual Observation: Data Extraction,194,950,0.20421052631578948,1745,0.11117478510028653,b. Visual Observation: Data Extraction
43,Visual Observation,Visual Observation: Pattern Recognition,499,950,0.5252631578947369,1745,0.2859598853868195,c. Visual Observation: Pattern Recognition
45,Curiosity,Curiosity,312,312,1.0,1652,0.18886198547215496,d. Curiosity
45,Evaluative Response,Evaluative: Prescriptive,74,129,0.5736434108527132,1652,0.044794188861985475,j. Evaluative: Prescriptive
45,Evaluative Response,Evaluative: Reactive,55,129,0.4263565891472868,1652,0.033292978208232446,i. Evaluative: Reactive
45,Inference,Inference: Causal,171,246,0.6951219512195121,1652,0.10351089588377724,e. Inference: Causal
45,Inference,Inference: Hypothetical,75,246,0.3048780487804878,1652,0.04539951573849879,f. Inference: Hypothetical
45,Prior Knowledge,Prior Knowledge: General,199,237,0.8396624472573839,1652,0.12046004842615012,g. Prior Knowledge: General
45,Prior Knowledge,Prior Knowledge: Personal,38,237,0.16033755274261605,1652,0.023002421307506054,h. Prior Knowledge: Personal
45,Visual Observation,Visual Observation: Chart Elements,132,728,0.1813186813186813,1652,0.07990314769975787,a. Visual Observation: Chart Elements
45,Visual Observation,Visual Observation: Data Extraction,111,728,0.15247252747252749,1652,0.0671912832929782,b. Visual Observation: Data Extraction
45,Visual Observation,Visual Observation: Pattern Recognition,485,728,0.6662087912087912,1652,0.29358353510895885,c. Visual Observation: Pattern Recognition
46,Curiosity,Curiosity,207,207,1.0,868,0.23847926267281105,d. Curiosity
46,Evaluative Response,Evaluative: Prescriptive,21,53,0.39622641509433965,868,0.024193548387096774,j. Evaluative: Prescriptive
46,Evaluative Response,Evaluative: Reactive,32,53,0.6037735849056604,868,0.03686635944700461,i. Evaluative: Reactive
46,Inference,Inference: Causal,94,120,0.7833333333333333,868,0.10829493087557604,e. Inference: Causal
46,Inference,Inference: Hypothetical,26,120,0.21666666666666667,868,0.029953917050691243,f. Inference: Hypothetical
46,Prior Knowledge,Prior Knowledge: General,52,68,0.7647058823529411,868,0.059907834101382486,g. Prior Knowledge: General
46,Prior Knowledge,Prior Knowledge: Personal,16,68,0.23529411764705882,868,0.018433179723502304,h. Prior Knowledge: Personal
46,Visual Observation,Visual Observation: Chart Elements,42,420,0.1,868,0.04838709677419355,a. Visual Observation: Chart Elements
46,Visual Observation,Visual Observation: Data Extraction,48,420,0.11428571428571428,868,0.055299539170506916,b. Visual Observation: Data Extraction
46,Visual Observation,Visual Observation: Pattern Recognition,330,420,0.7857142857142857,868,0.38018433179723504,c. Visual Observation: Pattern Recognition
47,Curiosity,Curiosity,181,181,1.0,1004,0.1802788844621514,d. Curiosity
47,Evaluative Response,Evaluative: Prescriptive,18,61,0.29508196721311475,1004,0.017928286852589643,j. Evaluative: Prescriptive
47,Evaluative Response,Evaluative: Reactive,43,61,0.7049180327868853,1004,0.04282868525896414,i. Evaluative: Reactive
47,Inference,Inference: Causal,105,130,0.8076923076923077,1004,0.10458167330677291,e. Inference: Causal
47,Inference,Inference: Hypothetical,25,130,0.19230769230769232,1004,0.0249003984063745,f. Inference: Hypothetical
47,Prior Knowledge,Prior Knowledge: General,125,147,0.8503401360544217,1004,0.12450199203187251,g. Prior Knowledge: General
47,Prior Knowledge,Prior Knowledge: Personal,22,147,0.14965986394557823,1004,0.021912350597609563,h. Prior Knowledge: Personal
47,Visual Observation,Visual Observation: Chart Elements,54,485,0.11134020618556702,1004,0.053784860557768925,a. Visual Observation: Chart Elements
47,Visual Observation,Visual Observation: Data Extraction,64,485,0.13195876288659794,1004,0.06374501992031872,b. Visual Observation: Data Extraction
47,Visual Observation,Visual Observation: Pattern Recognition,367,485,0.756701030927835,1004,0.3655378486055777,c. Visual Observation: Pattern Recognition
48,Curiosity,Curiosity,86,86,1.0,327,0.26299694189602446,d. Curiosity
48,Evaluative Response,Evaluative: Prescriptive,5,11,0.45454545454545453,327,0.01529051987767584,j. Evaluative: Prescriptive
48,Evaluative Response,Evaluative: Reactive,6,11,0.5454545454545454,327,0.01834862385321101,i. Evaluative: Reactive
48,Inference,Inference: Causal,19,32,0.59375,327,0.0581039755351682,e. Inference: Causal
48,Inference,Inference: Hypothetical,13,32,0.40625,327,0.039755351681957186,f. Inference: Hypothetical
48,Prior Knowledge,Prior Knowledge: General,37,38,0.9736842105263158,327,0.11314984709480122,g. Prior Knowledge: General
48,Prior Knowledge,Prior Knowledge: Personal,1,38,0.02631578947368421,327,0.0030581039755351682,h. Prior Knowledge: Personal
48,Visual Observation,Visual Observation: Chart Elements,50,160,0.3125,327,0.1529051987767584,a. Visual Observation: Chart Elements
48,Visual Observation,Visual Observation: Data Extraction,46,160,0.2875,327,0.14067278287461774,b. Visual Observation: Data Extraction
48,Visual Observation,Visual Observation: Pattern Recognition,64,160,0.4,327,0.19571865443425077,c. Visual Observation: Pattern Recognition
49,Curiosity,Curiosity,163,163,1.0,842,0.19358669833729217,d. Curiosity
49,Evaluative Response,Evaluative: Prescriptive,10,45,0.2222222222222222,842,0.011876484560570071,j. Evaluative: Prescriptive
49,Evaluative Response,Evaluative: Reactive,35,45,0.7777777777777778,842,0.04156769596199525,i. Evaluative: Reactive
49,Inference,Inference: Causal,55,106,0.5188679245283019,842,0.06532066508313539,e. Inference: Causal
49,Inference,Inference: Hypothetical,51,106,0.4811320754716981,842,0.060570071258907364,f. Inference: Hypothetical
49,Prior Knowledge,Prior Knowledge: General,63,67,0.9402985074626866,842,0.07482185273159145,g. Prior Knowledge: General
49,Prior Knowledge,Prior Knowledge: Personal,4,67,0.05970149253731343,842,0.004750593824228029,h. Prior Knowledge: Personal
49,Visual Observation,Visual Observation: Chart Elements,100,461,0.21691973969631237,842,0.1187648456057007,a. Visual Observation: Chart Elements
49,Visual Observation,Visual Observation: Data Extraction,172,461,0.37310195227765725,842,0.2042755344418052,b. Visual Observation: Data Extraction
49,Visual Observation,Visual Observation: Pattern Recognition,189,461,0.40997830802603036,842,0.22446555819477435,c. Visual Observation: Pattern Recognition
5,Curiosity,Curiosity,240,240,1.0,1857,0.12924071082390953,d. Curiosity
5,Evaluative Response,Evaluative: Prescriptive,20,52,0.38461538461538464,1857,0.010770059235325794,j. Evaluative: Prescriptive
5,Evaluative Response,Evaluative: Reactive,32,52,0.6153846153846154,1857,0.01723209477652127,i. Evaluative: Reactive
5,Inference,Inference: Causal,231,324,0.7129629629629629,1857,0.12439418416801293,e. Inference: Causal
5,Inference,Inference: Hypothetical,93,324,0.28703703703703703,1857,0.050080775444264945,f. Inference: Hypothetical
5,Prior Knowledge,Prior Knowledge: General,291,314,0.9267515923566879,1857,0.1567043618739903,g. Prior Knowledge: General
5,Prior Knowledge,Prior Knowledge: Personal,23,314,0.0732484076433121,1857,0.012385568120624663,h. Prior Knowledge: Personal
5,Visual Observation,Visual Observation: Chart Elements,212,927,0.22869471413160733,1857,0.11416262789445342,a. Visual Observation: Chart Elements
5,Visual Observation,Visual Observation: Data Extraction,76,927,0.08198489751887811,1857,0.04092622509423802,b. Visual Observation: Data Extraction
5,Visual Observation,Visual Observation: Pattern Recognition,639,927,0.6893203883495146,1857,0.3441033925686591,c. Visual Observation: Pattern Recognition
50,Curiosity,Curiosity,150,150,1.0,785,0.1910828025477707,d. Curiosity
50,Evaluative Response,Evaluative: Prescriptive,10,31,0.3225806451612903,785,0.012738853503184714,j. Evaluative: Prescriptive
50,Evaluative Response,Evaluative: Reactive,21,31,0.6774193548387096,785,0.0267515923566879,i. Evaluative: Reactive
50,Inference,Inference: Causal,56,109,0.5137614678899083,785,0.07133757961783439,e. Inference: Causal
50,Inference,Inference: Hypothetical,53,109,0.48623853211009177,785,0.06751592356687898,f. Inference: Hypothetical
50,Prior Knowledge,Prior Knowledge: General,76,86,0.8837209302325582,785,0.09681528662420383,g. Prior Knowledge: General
50,Prior Knowledge,Prior Knowledge: Personal,10,86,0.11627906976744186,785,0.012738853503184714,h. Prior Knowledge: Personal
50,Visual Observation,Visual Observation: Chart Elements,90,409,0.2200488997555012,785,0.11464968152866242,a. Visual Observation: Chart Elements
50,Visual Observation,Visual Observation: Data Extraction,24,409,0.05867970660146699,785,0.030573248407643312,b. Visual Observation: Data Extraction
50,Visual Observation,Visual Observation: Pattern Recognition,295,409,0.7212713936430318,785,0.37579617834394907,c. Visual Observation: Pattern Recognition
52,Curiosity,Curiosity,108,108,1.0,806,0.13399503722084366,d. Curiosity
52,Evaluative Response,Evaluative: Prescriptive,35,61,0.5737704918032787,806,0.043424317617866005,j. Evaluative: Prescriptive
52,Evaluative Response,Evaluative: Reactive,26,61,0.4262295081967213,806,0.03225806451612903,i. Evaluative: Reactive
52,Inference,Inference: Causal,56,91,0.6153846153846154,806,0.06947890818858561,e. Inference: Causal
52,Inference,Inference: Hypothetical,35,91,0.38461538461538464,806,0.043424317617866005,f. Inference: Hypothetical
52,Prior Knowledge,Prior Knowledge: General,115,131,0.8778625954198473,806,0.14267990074441686,g. Prior Knowledge: General
52,Prior Knowledge,Prior Knowledge: Personal,16,131,0.12213740458015267,806,0.019851116625310174,h. Prior Knowledge: Personal
52,Visual Observation,Visual Observation: Chart Elements,85,415,0.20481927710843373,806,0.1054590570719603,a. Visual Observation: Chart Elements
52,Visual Observation,Visual Observation: Data Extraction,83,415,0.2,806,0.10297766749379653,b. Visual Observation: Data Extraction
52,Visual Observation,Visual Observation: Pattern Recognition,247,415,0.5951807228915663,806,0.3064516129032258,c. Visual Observation: Pattern Recognition
53,Curiosity,Curiosity,349,349,1.0,2113,0.16516800757217226,d. Curiosity
53,Evaluative Response,Evaluative: Prescriptive,56,117,0.47863247863247865,2113,0.026502602934216753,j. Evaluative: Prescriptive
53,Evaluative Response,Evaluative: Reactive,61,117,0.5213675213675214,2113,0.028868906767628964,i. Evaluative: Reactive
53,Inference,Inference: Causal,246,360,0.6833333333333333,2113,0.11642214860388074,e. Inference: Causal
53,Inference,Inference: Hypothetical,114,360,0.31666666666666665,2113,0.05395172740179839,f. Inference: Hypothetical
53,Prior Knowledge,Prior Knowledge: General,352,372,0.946236559139785,2113,0.1665877898722196,g. Prior Knowledge: General
53,Prior Knowledge,Prior Knowledge: Personal,20,372,0.053763440860215055,2113,0.00946521533364884,h. Prior Knowledge: Personal
53,Visual Observation,Visual Observation: Chart Elements,300,915,0.32786885245901637,2113,0.14197823000473261,a. Visual Observation: Chart Elements
53,Visual Observation,Visual Observation: Data Extraction,203,915,0.22185792349726777,2113,0.09607193563653574,b. Visual Observation: Data Extraction
53,Visual Observation,Visual Observation: Pattern Recognition,412,915,0.45027322404371584,2113,0.1949834358731661,c. Visual Observation: Pattern Recognition
54,Curiosity,Curiosity,266,266,1.0,1144,0.23251748251748253,d. Curiosity
54,Evaluative Response,Evaluative: Prescriptive,18,37,0.4864864864864865,1144,0.015734265734265736,j. Evaluative: Prescriptive
54,Evaluative Response,Evaluative: Reactive,19,37,0.5135135135135135,1144,0.016608391608391608,i. Evaluative: Reactive
54,Inference,Inference: Causal,125,189,0.6613756613756614,1144,0.10926573426573427,e. Inference: Causal
54,Inference,Inference: Hypothetical,64,189,0.3386243386243386,1144,0.055944055944055944,f. Inference: Hypothetical
54,Prior Knowledge,Prior Knowledge: General,90,99,0.9090909090909091,1144,0.07867132867132867,g. Prior Knowledge: General
54,Prior Knowledge,Prior Knowledge: Personal,9,99,0.09090909090909091,1144,0.007867132867132868,h. Prior Knowledge: Personal
54,Visual Observation,Visual Observation: Chart Elements,142,553,0.25678119349005424,1144,0.12412587412587413,a. Visual Observation: Chart Elements
54,Visual Observation,Visual Observation: Data Extraction,89,553,0.1609403254972875,1144,0.0777972027972028,b. Visual Observation: Data Extraction
54,Visual Observation,Visual Observation: Pattern Recognition,322,553,0.5822784810126582,1144,0.28146853146853146,c. Visual Observation: Pattern Recognition
55,Curiosity,Curiosity,83,83,1.0,575,0.1443478260869565,d. Curiosity
55,Evaluative Response,Evaluative: Prescriptive,12,48,0.25,575,0.020869565217391306,j. Evaluative: Prescriptive
55,Evaluative Response,Evaluative: Reactive,36,48,0.75,575,0.06260869565217392,i. Evaluative: Reactive
55,Inference,Inference: Causal,61,97,0.6288659793814433,575,0.10608695652173913,e. Inference: Causal
55,Inference,Inference: Hypothetical,36,97,0.3711340206185567,575,0.06260869565217392,f. Inference: Hypothetical
55,Prior Knowledge,Prior Knowledge: General,116,128,0.90625,575,0.20173913043478262,g. Prior Knowledge: General
55,Prior Knowledge,Prior Knowledge: Personal,12,128,0.09375,575,0.020869565217391306,h. Prior Knowledge: Personal
55,Visual Observation,Visual Observation: Chart Elements,51,219,0.2328767123287671,575,0.08869565217391304,a. Visual Observation: Chart Elements
55,Visual Observation,Visual Observation: Data Extraction,50,219,0.228310502283105,575,0.08695652173913043,b. Visual Observation: Data Extraction
55,Visual Observation,Visual Observation: Pattern Recognition,118,219,0.5388127853881278,575,0.20521739130434782,c. Visual Observation: Pattern Recognition
56,Curiosity,Curiosity,363,363,1.0,2516,0.14427662957074722,d. Curiosity
56,Evaluative Response,Evaluative: Prescriptive,79,264,0.29924242424242425,2516,0.031399046104928455,j. Evaluative: Prescriptive
56,Evaluative Response,Evaluative: Reactive,185,264,0.7007575757575758,2516,0.07352941176470588,i. Evaluative: Reactive
56,Inference,Inference: Causal,108,284,0.38028169014084506,2516,0.04292527821939587,e. Inference: Causal
56,Inference,Inference: Hypothetical,176,284,0.6197183098591549,2516,0.06995230524642289,f. Inference: Hypothetical
56,Prior Knowledge,Prior Knowledge: General,451,661,0.6822995461422088,2516,0.17925278219395865,g. Prior Knowledge: General
56,Prior Knowledge,Prior Knowledge: Personal,210,661,0.3177004538577912,2516,0.0834658187599364,h. Prior Knowledge: Personal
56,Visual Observation,Visual Observation: Chart Elements,211,944,0.22351694915254236,2516,0.08386327503974562,a. Visual Observation: Chart Elements
56,Visual Observation,Visual Observation: Data Extraction,86,944,0.09110169491525423,2516,0.03418124006359301,b. Visual Observation: Data Extraction
56,Visual Observation,Visual Observation: Pattern Recognition,647,944,0.6853813559322034,2516,0.257154213036566,c. Visual Observation: Pattern Recognition
57,Curiosity,Curiosity,249,249,1.0,1283,0.1940763834762276,d. Curiosity
57,Evaluative Response,Evaluative: Prescriptive,10,56,0.17857142857142858,1283,0.00779423226812159,j. Evaluative: Prescriptive
57,Evaluative Response,Evaluative: Reactive,46,56,0.8214285714285714,1283,0.03585346843335931,i. Evaluative: Reactive
57,Inference,Inference: Causal,107,159,0.6729559748427673,1283,0.08339828526890102,e. Inference: Causal
57,Inference,Inference: Hypothetical,52,159,0.3270440251572327,1283,0.04053000779423227,f. Inference: Hypothetical
57,Prior Knowledge,Prior Knowledge: General,68,111,0.6126126126126126,1283,0.05300077942322681,g. Prior Knowledge: General
57,Prior Knowledge,Prior Knowledge: Personal,43,111,0.38738738738738737,1283,0.03351519875292284,h. Prior Knowledge: Personal
57,Visual Observation,Visual Observation: Chart Elements,69,708,0.09745762711864407,1283,0.05378020265003897,a. Visual Observation: Chart Elements
57,Visual Observation,Visual Observation: Data Extraction,99,708,0.13983050847457626,1283,0.07716289945440374,b. Visual Observation: Data Extraction
57,Visual Observation,Visual Observation: Pattern Recognition,540,708,0.7627118644067796,1283,0.4208885424785659,c. Visual Observation: Pattern Recognition
59,Curiosity,Curiosity,350,350,1.0,1940,0.18041237113402062,d. Curiosity
59,Evaluative Response,Evaluative: Prescriptive,41,128,0.3203125,1940,0.021134020618556702,j. Evaluative: Prescriptive
59,Evaluative Response,Evaluative: Reactive,87,128,0.6796875,1940,0.04484536082474227,i. Evaluative: Reactive
59,Inference,Inference: Causal,75,196,0.3826530612244898,1940,0.03865979381443299,e. Inference: Causal
59,Inference,Inference: Hypothetical,121,196,0.6173469387755102,1940,0.06237113402061856,f. Inference: Hypothetical
59,Prior Knowledge,Prior Knowledge: General,207,230,0.9,1940,0.10670103092783505,g. Prior Knowledge: General
59,Prior Knowledge,Prior Knowledge: Personal,23,230,0.1,1940,0.011855670103092783,h. Prior Knowledge: Personal
59,Visual Observation,Visual Observation: Chart Elements,379,1036,0.3658301158301158,1940,0.19536082474226804,a. Visual Observation: Chart Elements
59,Visual Observation,Visual Observation: Data Extraction,200,1036,0.19305019305019305,1940,0.10309278350515463,b. Visual Observation: Data Extraction
59,Visual Observation,Visual Observation: Pattern Recognition,457,1036,0.4411196911196911,1940,0.23556701030927835,c. Visual Observation: Pattern Recognition
6,Curiosity,Curiosity,439,439,1.0,3531,0.124327386009629,d. Curiosity
6,Evaluative Response,Evaluative: Prescriptive,178,320,0.55625,3531,0.05041064854148966,j. Evaluative: Prescriptive
6,Evaluative Response,Evaluative: Reactive,142,320,0.44375,3531,0.04021523647691872,i. Evaluative: Reactive
6,Inference,Inference: Causal,311,697,0.44619799139167865,3531,0.08807703200226565,e. Inference: Causal
6,Inference,Inference: Hypothetical,386,697,0.5538020086083214,3531,0.1093174738034551,f. Inference: Hypothetical
6,Prior Knowledge,Prior Knowledge: General,693,744,0.9314516129032258,3531,0.19626168224299065,g. Prior Knowledge: General
6,Prior Knowledge,Prior Knowledge: Personal,51,744,0.06854838709677419,3531,0.014443500424808835,h. Prior Knowledge: Personal
6,Visual Observation,Visual Observation: Chart Elements,410,1331,0.3080390683696469,3531,0.11611441517983574,a. Visual Observation: Chart Elements
6,Visual Observation,Visual Observation: Data Extraction,142,1331,0.10668670172802404,3531,0.04021523647691872,b. Visual Observation: Data Extraction
6,Visual Observation,Visual Observation: Pattern Recognition,779,1331,0.585274229902329,3531,0.2206173888416879,c. Visual Observation: Pattern Recognition
60,Curiosity,Curiosity,136,136,1.0,991,0.13723511604439959,d. Curiosity
60,Evaluative Response,Evaluative: Prescriptive,10,25,0.4,991,0.010090817356205853,j. Evaluative: Prescriptive
60,Evaluative Response,Evaluative: Reactive,15,25,0.6,991,0.015136226034308779,i. Evaluative: Reactive
60,Inference,Inference: Causal,86,121,0.7107438016528925,991,0.08678102926337034,e. Inference: Causal
60,Inference,Inference: Hypothetical,35,121,0.2892561983471074,991,0.035317860746720484,f. Inference: Hypothetical
60,Prior Knowledge,Prior Knowledge: General,137,140,0.9785714285714285,991,0.13824419778002017,g. Prior Knowledge: General
60,Prior Knowledge,Prior Knowledge: Personal,3,140,0.02142857142857143,991,0.0030272452068617556,h. Prior Knowledge: Personal
60,Visual Observation,Visual Observation: Chart Elements,123,569,0.21616871704745166,991,0.124117053481332,a. Visual Observation: Chart Elements
60,Visual Observation,Visual Observation: Data Extraction,79,569,0.13884007029876977,991,0.07971745711402624,b. Visual Observation: Data Extraction
60,Visual Observation,Visual Observation: Pattern Recognition,367,569,0.6449912126537786,991,0.3703329969727548,c. Visual Observation: Pattern Recognition
61,Curiosity,Curiosity,223,223,1.0,1219,0.18293683347005743,d. Curiosity
61,Evaluative Response,Evaluative: Prescriptive,8,40,0.2,1219,0.006562756357670222,j. Evaluative: Prescriptive
61,Evaluative Response,Evaluative: Reactive,32,40,0.8,1219,0.026251025430680888,i. Evaluative: Reactive
61,Inference,Inference: Causal,146,184,0.7934782608695652,1219,0.11977030352748154,e. Inference: Causal
61,Inference,Inference: Hypothetical,38,184,0.20652173913043478,1219,0.031173092698933553,f. Inference: Hypothetical
61,Prior Knowledge,Prior Knowledge: General,253,262,0.9656488549618321,1219,0.20754716981132076,g. Prior Knowledge: General
61,Prior Knowledge,Prior Knowledge: Personal,9,262,0.03435114503816794,1219,0.007383100902378999,h. Prior Knowledge: Personal
61,Visual Observation,Visual Observation: Chart Elements,90,510,0.17647058823529413,1219,0.07383100902378999,a. Visual Observation: Chart Elements
61,Visual Observation,Visual Observation: Data Extraction,108,510,0.21176470588235294,1219,0.08859721082854799,b. Visual Observation: Data Extraction
61,Visual Observation,Visual Observation: Pattern Recognition,312,510,0.611764705882353,1219,0.2559474979491386,c. Visual Observation: Pattern Recognition
62,Curiosity,Curiosity,284,284,1.0,1848,0.15367965367965367,d. Curiosity
62,Evaluative Response,Evaluative: Prescriptive,69,187,0.3689839572192513,1848,0.037337662337662336,j. Evaluative: Prescriptive
62,Evaluative Response,Evaluative: Reactive,118,187,0.6310160427807486,1848,0.06385281385281386,i. Evaluative: Reactive
62,Inference,Inference: Causal,296,391,0.7570332480818415,1848,0.16017316017316016,e. Inference: Causal
62,Inference,Inference: Hypothetical,95,391,0.24296675191815856,1848,0.05140692640692641,f. Inference: Hypothetical
62,Prior Knowledge,Prior Knowledge: General,334,403,0.8287841191066998,1848,0.18073593073593072,g. Prior Knowledge: General
62,Prior Knowledge,Prior Knowledge: Personal,69,403,0.17121588089330025,1848,0.037337662337662336,h. Prior Knowledge: Personal
62,Visual Observation,Visual Observation: Chart Elements,131,583,0.22469982847341338,1848,0.07088744588744589,a. Visual Observation: Chart Elements
62,Visual Observation,Visual Observation: Data Extraction,99,583,0.16981132075471697,1848,0.05357142857142857,b. Visual Observation: Data Extraction
62,Visual Observation,Visual Observation: Pattern Recognition,353,583,0.6054888507718696,1848,0.19101731601731603,c. Visual Observation: Pattern Recognition
63,Curiosity,Curiosity,927,927,1.0,5693,0.16283154751449147,d. Curiosity
63,Evaluative Response,Evaluative: Prescriptive,314,590,0.5322033898305085,5693,0.05515545406639733,j. Evaluative: Prescriptive
63,Evaluative Response,Evaluative: Reactive,276,590,0.46779661016949153,5693,0.048480590198489375,i. Evaluative: Reactive
63,Inference,Inference: Causal,367,1633,0.224739742804654,5693,0.0644651326190058,e. Inference: Causal
63,Inference,Inference: Hypothetical,1266,1633,0.775260257195346,5693,0.222378359388723,f. Inference: Hypothetical
63,Prior Knowledge,Prior Knowledge: General,567,784,0.7232142857142857,5693,0.09959599508167925,g. Prior Knowledge: General
63,Prior Knowledge,Prior Knowledge: Personal,217,784,0.2767857142857143,5693,0.038116985772000705,h. Prior Knowledge: Personal
63,Visual Observation,Visual Observation: Chart Elements,450,1759,0.2558271745309835,5693,0.07904444054101528,a. Visual Observation: Chart Elements
63,Visual Observation,Visual Observation: Data Extraction,83,1759,0.04718590108015918,5693,0.014579307922009486,b. Visual Observation: Data Extraction
63,Visual Observation,Visual Observation: Pattern Recognition,1226,1759,0.6969869243888573,5693,0.2153521868961883,c. Visual Observation: Pattern Recognition
64,Curiosity,Curiosity,663,663,1.0,4188,0.15830945558739254,d. Curiosity
64,Evaluative Response,Evaluative: Prescriptive,215,373,0.5764075067024129,4188,0.05133715377268386,j. Evaluative: Prescriptive
64,Evaluative Response,Evaluative: Reactive,158,373,0.42359249329758714,4188,0.03772683858643744,i. Evaluative: Reactive
64,Inference,Inference: Causal,226,1106,0.20433996383363473,4188,0.05396370582617001,e. Inference: Causal
64,Inference,Inference: Hypothetical,880,1106,0.7956600361663653,4188,0.21012416427889208,f. Inference: Hypothetical
64,Prior Knowledge,Prior Knowledge: General,347,406,0.854679802955665,4188,0.08285577841451768,g. Prior Knowledge: General
64,Prior Knowledge,Prior Knowledge: Personal,59,406,0.14532019704433496,4188,0.014087870105062083,h. Prior Knowledge: Personal
64,Visual Observation,Visual Observation: Chart Elements,375,1640,0.22865853658536586,4188,0.08954154727793696,a. Visual Observation: Chart Elements
64,Visual Observation,Visual Observation: Data Extraction,327,1640,0.19939024390243903,4188,0.07808022922636103,b. Visual Observation: Data Extraction
64,Visual Observation,Visual Observation: Pattern Recognition,938,1640,0.5719512195121951,4188,0.2239732569245463,c. Visual Observation: Pattern Recognition
65,Curiosity,Curiosity,307,307,1.0,1765,0.17393767705382437,d. Curiosity
65,Evaluative Response,Evaluative: Prescriptive,3,19,0.15789473684210525,1765,0.0016997167138810198,j. Evaluative: Prescriptive
65,Evaluative Response,Evaluative: Reactive,16,19,0.8421052631578947,1765,0.009065155807365438,i. Evaluative: Reactive
65,Inference,Inference: Causal,223,286,0.7797202797202797,1765,0.1263456090651558,e. Inference: Causal
65,Inference,Inference: Hypothetical,63,286,0.2202797202797203,1765,0.035694050991501414,f. Inference: Hypothetical
65,Prior Knowledge,Prior Knowledge: General,210,223,0.9417040358744395,1765,0.11898016997167139,g. Prior Knowledge: General
65,Prior Knowledge,Prior Knowledge: Personal,13,223,0.05829596412556054,1765,0.0073654390934844195,h. Prior Knowledge: Personal
65,Visual Observation,Visual Observation: Chart Elements,120,930,0.12903225806451613,1765,0.0679886685552408,a. Visual Observation: Chart Elements
65,Visual Observation,Visual Observation: Data Extraction,107,930,0.11505376344086021,1765,0.06062322946175638,b. Visual Observation: Data Extraction
65,Visual Observation,Visual Observation: Pattern Recognition,703,930,0.7559139784946236,1765,0.398300283286119,c. Visual Observation: Pattern Recognition
66,Curiosity,Curiosity,236,236,1.0,1488,0.1586021505376344,d. Curiosity
66,Evaluative Response,Evaluative: Prescriptive,52,102,0.5098039215686274,1488,0.03494623655913978,j. Evaluative: Prescriptive
66,Evaluative Response,Evaluative: Reactive,50,102,0.49019607843137253,1488,0.033602150537634407,i. Evaluative: Reactive
66,Inference,Inference: Causal,127,365,0.34794520547945207,1488,0.08534946236559139,e. Inference: Causal
66,Inference,Inference: Hypothetical,238,365,0.6520547945205479,1488,0.15994623655913978,f. Inference: Hypothetical
66,Prior Knowledge,Prior Knowledge: General,157,170,0.9235294117647059,1488,0.10551075268817205,g. Prior Knowledge: General
66,Prior Knowledge,Prior Knowledge: Personal,13,170,0.07647058823529412,1488,0.008736559139784945,h. Prior Knowledge: Personal
66,Visual Observation,Visual Observation: Chart Elements,140,615,0.22764227642276422,1488,0.09408602150537634,a. Visual Observation: Chart Elements
66,Visual Observation,Visual Observation: Data Extraction,49,615,0.07967479674796749,1488,0.03293010752688172,b. Visual Observation: Data Extraction
66,Visual Observation,Visual Observation: Pattern Recognition,426,615,0.6926829268292682,1488,0.2862903225806452,c. Visual Observation: Pattern Recognition
67,Curiosity,Curiosity,298,298,1.0,2802,0.10635260528194147,d. Curiosity
67,Evaluative Response,Evaluative: Prescriptive,32,148,0.21621621621621623,2802,0.011420413990007138,j. Evaluative: Prescriptive
67,Evaluative Response,Evaluative: Reactive,116,148,0.7837837837837838,2802,0.04139900071377588,i. Evaluative: Reactive
67,Inference,Inference: Causal,328,518,0.6332046332046332,2802,0.11705924339757316,e. Inference: Causal
67,Inference,Inference: Hypothetical,190,518,0.3667953667953668,2802,0.06780870806566738,f. Inference: Hypothetical
67,Prior Knowledge,Prior Knowledge: General,626,699,0.8955650929899857,2802,0.22341184867951464,g. Prior Knowledge: General
67,Prior Knowledge,Prior Knowledge: Personal,73,699,0.1044349070100143,2802,0.026052819414703783,h. Prior Knowledge: Personal
67,Visual Observation,Visual Observation: Chart Elements,289,1139,0.2537313432835821,2802,0.10314061384725197,a. Visual Observation: Chart Elements
67,Visual Observation,Visual Observation: Data Extraction,68,1139,0.05970149253731343,2802,0.02426837972876517,b. Visual Observation: Data Extraction
67,Visual Observation,Visual Observation: Pattern Recognition,782,1139,0.6865671641791045,2802,0.2790863668807994,c. Visual Observation: Pattern Recognition
68,Curiosity,Curiosity,252,252,1.0,1960,0.12857142857142856,d. Curiosity
68,Evaluative Response,Evaluative: Prescriptive,60,131,0.4580152671755725,1960,0.030612244897959183,j. Evaluative: Prescriptive
68,Evaluative Response,Evaluative: Reactive,71,131,0.5419847328244275,1960,0.036224489795918365,i. Evaluative: Reactive
68,Inference,Inference: Causal,236,382,0.6178010471204188,1960,0.12040816326530612,e. Inference: Causal
68,Inference,Inference: Hypothetical,146,382,0.38219895287958117,1960,0.07448979591836735,f. Inference: Hypothetical
68,Prior Knowledge,Prior Knowledge: General,300,353,0.8498583569405099,1960,0.15306122448979592,g. Prior Knowledge: General
68,Prior Knowledge,Prior Knowledge: Personal,53,353,0.1501416430594901,1960,0.027040816326530614,h. Prior Knowledge: Personal
68,Visual Observation,Visual Observation: Chart Elements,147,842,0.17458432304038005,1960,0.075,a. Visual Observation: Chart Elements
68,Visual Observation,Visual Observation: Data Extraction,111,842,0.13182897862232779,1960,0.05663265306122449,b. Visual Observation: Data Extraction
68,Visual Observation,Visual Observation: Pattern Recognition,584,842,0.6935866983372921,1960,0.2979591836734694,c. Visual Observation: Pattern Recognition
69,Curiosity,Curiosity,93,93,1.0,758,0.12269129287598944,d. Curiosity
69,Evaluative Response,Evaluative: Prescriptive,4,18,0.2222222222222222,758,0.005277044854881266,j. Evaluative: Prescriptive
69,Evaluative Response,Evaluative: Reactive,14,18,0.7777777777777778,758,0.018469656992084433,i. Evaluative: Reactive
69,Inference,Inference: Causal,67,86,0.7790697674418605,758,0.08839050131926121,e. Inference: Causal
69,Inference,Inference: Hypothetical,19,86,0.22093023255813954,758,0.025065963060686015,f. Inference: Hypothetical
69,Prior Knowledge,Prior Knowledge: General,97,103,0.941747572815534,758,0.1279683377308707,g. Prior Knowledge: General
69,Prior Knowledge,Prior Knowledge: Personal,6,103,0.05825242718446602,758,0.0079155672823219,h. Prior Knowledge: Personal
69,Visual Observation,Visual Observation: Chart Elements,68,458,0.14847161572052403,758,0.08970976253298153,a. Visual Observation: Chart Elements
69,Visual Observation,Visual Observation: Data Extraction,42,458,0.09170305676855896,758,0.055408970976253295,b. Visual Observation: Data Extraction
69,Visual Observation,Visual Observation: Pattern Recognition,348,458,0.759825327510917,758,0.45910290237467016,c. Visual Observation: Pattern Recognition
7,Curiosity,Curiosity,55,55,1.0,267,0.20599250936329588,d. Curiosity
7,Evaluative Response,Evaluative: Reactive,5,5,1.0,267,0.018726591760299626,i. Evaluative: Reactive
7,Inference,Inference: Causal,28,72,0.3888888888888889,267,0.10486891385767791,e. Inference: Causal
7,Inference,Inference: Hypothetical,44,72,0.6111111111111112,267,0.1647940074906367,f. Inference: Hypothetical
7,Prior Knowledge,Prior Knowledge: General,39,64,0.609375,267,0.14606741573033707,g. Prior Knowledge: General
7,Prior Knowledge,Prior Knowledge: Personal,25,64,0.390625,267,0.09363295880149813,h. Prior Knowledge: Personal
7,Visual Observation,Visual Observation: Chart Elements,40,71,0.5633802816901409,267,0.149812734082397,a. Visual Observation: Chart Elements
7,Visual Observation,Visual Observation: Data Extraction,5,71,0.07042253521126761,267,0.018726591760299626,b. Visual Observation: Data Extraction
7,Visual Observation,Visual Observation: Pattern Recognition,26,71,0.36619718309859156,267,0.09737827715355805,c. Visual Observation: Pattern Recognition
70,Curiosity,Curiosity,224,224,1.0,1210,0.18512396694214875,d. Curiosity
70,Evaluative Response,Evaluative: Prescriptive,57,140,0.40714285714285714,1210,0.047107438016528926,j. Evaluative: Prescriptive
70,Evaluative Response,Evaluative: Reactive,83,140,0.5928571428571429,1210,0.06859504132231405,i. Evaluative: Reactive
70,Inference,Inference: Causal,46,224,0.20535714285714285,1210,0.03801652892561983,e. Inference: Causal
70,Inference,Inference: Hypothetical,178,224,0.7946428571428571,1210,0.14710743801652892,f. Inference: Hypothetical
70,Prior Knowledge,Prior Knowledge: General,103,122,0.8442622950819673,1210,0.08512396694214876,g. Prior Knowledge: General
70,Prior Knowledge,Prior Knowledge: Personal,19,122,0.1557377049180328,1210,0.015702479338842976,h. Prior Knowledge: Personal
70,Visual Observation,Visual Observation: Chart Elements,168,500,0.336,1210,0.13884297520661157,a. Visual Observation: Chart Elements
70,Visual Observation,Visual Observation: Data Extraction,142,500,0.284,1210,0.11735537190082644,b. Visual Observation: Data Extraction
70,Visual Observation,Visual Observation: Pattern Recognition,190,500,0.38,1210,0.15702479338842976,c. Visual Observation: Pattern Recognition
71,Curiosity,Curiosity,131,131,1.0,1020,0.1284313725490196,d. Curiosity
71,Evaluative Response,Evaluative: Prescriptive,91,146,0.6232876712328768,1020,0.0892156862745098,j. Evaluative: Prescriptive
71,Evaluative Response,Evaluative: Reactive,55,146,0.3767123287671233,1020,0.05392156862745098,i. Evaluative: Reactive
71,Inference,Inference: Causal,58,153,0.3790849673202614,1020,0.056862745098039215,e. Inference: Causal
71,Inference,Inference: Hypothetical,95,153,0.6209150326797386,1020,0.09313725490196079,f. Inference: Hypothetical
71,Prior Knowledge,Prior Knowledge: General,198,234,0.8461538461538461,1020,0.19411764705882353,g. Prior Knowledge: General
71,Prior Knowledge,Prior Knowledge: Personal,36,234,0.15384615384615385,1020,0.03529411764705882,h. Prior Knowledge: Personal
71,Visual Observation,Visual Observation: Chart Elements,114,356,0.3202247191011236,1020,0.11176470588235295,a. Visual Observation: Chart Elements
71,Visual Observation,Visual Observation: Data Extraction,38,356,0.10674157303370786,1020,0.03725490196078431,b. Visual Observation: Data Extraction
71,Visual Observation,Visual Observation: Pattern Recognition,204,356,0.5730337078651685,1020,0.2,c. Visual Observation: Pattern Recognition
72,Curiosity,Curiosity,295,295,1.0,1752,0.16837899543378995,d. Curiosity
72,Evaluative Response,Evaluative: Prescriptive,40,87,0.45977011494252873,1752,0.0228310502283105,j. Evaluative: Prescriptive
72,Evaluative Response,Evaluative: Reactive,47,87,0.5402298850574713,1752,0.02682648401826484,i. Evaluative: Reactive
72,Inference,Inference: Causal,70,153,0.45751633986928103,1752,0.03995433789954338,e. Inference: Causal
72,Inference,Inference: Hypothetical,83,153,0.5424836601307189,1752,0.04737442922374429,f. Inference: Hypothetical
72,Prior Knowledge,Prior Knowledge: General,170,478,0.35564853556485354,1752,0.09703196347031963,g. Prior Knowledge: General
72,Prior Knowledge,Prior Knowledge: Personal,308,478,0.6443514644351465,1752,0.17579908675799086,h. Prior Knowledge: Personal
72,Visual Observation,Visual Observation: Chart Elements,166,739,0.22462787550744248,1752,0.09474885844748858,a. Visual Observation: Chart Elements
72,Visual Observation,Visual Observation: Data Extraction,102,739,0.13802435723951287,1752,0.05821917808219178,b. Visual Observation: Data Extraction
72,Visual Observation,Visual Observation: Pattern Recognition,471,739,0.6373477672530447,1752,0.2688356164383562,c. Visual Observation: Pattern Recognition
73,Curiosity,Curiosity,594,594,1.0,3122,0.19026265214606022,d. Curiosity
73,Evaluative Response,Evaluative: Prescriptive,18,61,0.29508196721311475,3122,0.005765534913516977,j. Evaluative: Prescriptive
73,Evaluative Response,Evaluative: Reactive,43,61,0.7049180327868853,3122,0.013773222293401666,i. Evaluative: Reactive
73,Inference,Inference: Causal,251,380,0.6605263157894737,3122,0.08039718129404227,e. Inference: Causal
73,Inference,Inference: Hypothetical,129,380,0.3394736842105263,3122,0.041319666880205,f. Inference: Hypothetical
73,Prior Knowledge,Prior Knowledge: General,387,796,0.4861809045226131,3122,0.12395900064061499,g. Prior Knowledge: General
73,Prior Knowledge,Prior Knowledge: Personal,409,796,0.5138190954773869,3122,0.13100576553491353,h. Prior Knowledge: Personal
73,Visual Observation,Visual Observation: Chart Elements,213,1291,0.16498838109992253,3122,0.06822549647661755,a. Visual Observation: Chart Elements
73,Visual Observation,Visual Observation: Data Extraction,284,1291,0.21998450813323006,3122,0.09096732863549008,b. Visual Observation: Data Extraction
73,Visual Observation,Visual Observation: Pattern Recognition,794,1291,0.6150271107668474,3122,0.25432415118513774,c. Visual Observation: Pattern Recognition
74,Curiosity,Curiosity,622,622,1.0,3753,0.16573407940314416,d. Curiosity
74,Evaluative Response,Evaluative: Prescriptive,49,130,0.3769230769230769,3753,0.013056221689315214,j. Evaluative: Prescriptive
74,Evaluative Response,Evaluative: Reactive,81,130,0.6230769230769231,3753,0.02158273381294964,i. Evaluative: Reactive
74,Inference,Inference: Causal,287,372,0.771505376344086,3753,0.07647215560884625,e. Inference: Causal
74,Inference,Inference: Hypothetical,85,372,0.22849462365591397,3753,0.022648547828403944,f. Inference: Hypothetical
74,Prior Knowledge,Prior Knowledge: General,382,1133,0.33715798764342453,3753,0.10178523847588596,g. Prior Knowledge: General
74,Prior Knowledge,Prior Knowledge: Personal,751,1133,0.6628420123565755,3753,0.20010658140154544,h. Prior Knowledge: Personal
74,Visual Observation,Visual Observation: Chart Elements,186,1496,0.12433155080213903,3753,0.0495603517186251,a. Visual Observation: Chart Elements
74,Visual Observation,Visual Observation: Data Extraction,87,1496,0.05815508021390375,3753,0.023181454836131096,b. Visual Observation: Data Extraction
74,Visual Observation,Visual Observation: Pattern Recognition,1223,1496,0.8175133689839572,3753,0.3258726352251532,c. Visual Observation: Pattern Recognition
75,Curiosity,Curiosity,257,257,1.0,2035,0.1262899262899263,d. Curiosity
75,Evaluative Response,Evaluative: Prescriptive,59,158,0.37341772151898733,2035,0.028992628992628992,j. Evaluative: Prescriptive
75,Evaluative Response,Evaluative: Reactive,99,158,0.6265822784810127,2035,0.04864864864864865,i. Evaluative: Reactive
75,Inference,Inference: Causal,131,240,0.5458333333333333,2035,0.06437346437346438,e. Inference: Causal
75,Inference,Inference: Hypothetical,109,240,0.45416666666666666,2035,0.053562653562653564,f. Inference: Hypothetical
75,Prior Knowledge,Prior Knowledge: General,379,658,0.5759878419452887,2035,0.18624078624078624,g. Prior Knowledge: General
75,Prior Knowledge,Prior Knowledge: Personal,279,658,0.42401215805471126,2035,0.1371007371007371,h. Prior Knowledge: Personal
75,Visual Observation,Visual Observation: Chart Elements,151,722,0.20914127423822715,2035,0.0742014742014742,a. Visual Observation: Chart Elements
75,Visual Observation,Visual Observation: Data Extraction,95,722,0.13157894736842105,2035,0.04668304668304668,b. Visual Observation: Data Extraction
75,Visual Observation,Visual Observation: Pattern Recognition,476,722,0.6592797783933518,2035,0.2339066339066339,c. Visual Observation: Pattern Recognition
76,Curiosity,Curiosity,276,276,1.0,1561,0.17680973734785393,d. Curiosity
76,Evaluative Response,Evaluative: Prescriptive,11,64,0.171875,1561,0.007046764894298526,j. Evaluative: Prescriptive
76,Evaluative Response,Evaluative: Reactive,53,64,0.828125,1561,0.033952594490711085,i. Evaluative: Reactive
76,Inference,Inference: Causal,130,280,0.4642857142857143,1561,0.08327994875080078,e. Inference: Causal
76,Inference,Inference: Hypothetical,150,280,0.5357142857142857,1561,0.09609224855861627,f. Inference: Hypothetical
76,Prior Knowledge,Prior Knowledge: General,114,258,0.4418604651162791,1561,0.07303010890454836,g. Prior Knowledge: General
76,Prior Knowledge,Prior Knowledge: Personal,144,258,0.5581395348837209,1561,0.09224855861627163,h. Prior Knowledge: Personal
76,Visual Observation,Visual Observation: Chart Elements,78,683,0.11420204978038068,1561,0.049967969250480464,a. Visual Observation: Chart Elements
76,Visual Observation,Visual Observation: Data Extraction,111,683,0.16251830161054173,1561,0.07110826393337603,b. Visual Observation: Data Extraction
76,Visual Observation,Visual Observation: Pattern Recognition,494,683,0.7232796486090776,1561,0.3164638052530429,c. Visual Observation: Pattern Recognition
77,Curiosity,Curiosity,341,341,1.0,2169,0.15721530659289995,d. Curiosity
77,Evaluative Response,Evaluative: Prescriptive,63,166,0.3795180722891566,2169,0.029045643153526972,j. Evaluative: Prescriptive
77,Evaluative Response,Evaluative: Reactive,103,166,0.6204819277108434,2169,0.047487321346242506,i. Evaluative: Reactive
77,Inference,Inference: Causal,101,267,0.3782771535580524,2169,0.04656523743660673,e. Inference: Causal
77,Inference,Inference: Hypothetical,166,267,0.6217228464419475,2169,0.07653296449976948,f. Inference: Hypothetical
77,Prior Knowledge,Prior Knowledge: General,285,483,0.5900621118012422,2169,0.1313969571230982,g. Prior Knowledge: General
77,Prior Knowledge,Prior Knowledge: Personal,198,483,0.40993788819875776,2169,0.0912863070539419,h. Prior Knowledge: Personal
77,Visual Observation,Visual Observation: Chart Elements,161,912,0.17653508771929824,2169,0.07422775472568004,a. Visual Observation: Chart Elements
77,Visual Observation,Visual Observation: Data Extraction,237,912,0.2598684210526316,2169,0.10926694329183956,b. Visual Observation: Data Extraction
77,Visual Observation,Visual Observation: Pattern Recognition,514,912,0.5635964912280702,2169,0.23697556477639464,c. Visual Observation: Pattern Recognition
78,Curiosity,Curiosity,277,277,1.0,1487,0.1862811028917283,d. Curiosity
78,Evaluative Response,Evaluative: Prescriptive,57,92,0.6195652173913043,1487,0.03833221250840619,j. Evaluative: Prescriptive
78,Evaluative Response,Evaluative: Reactive,35,92,0.3804347826086957,1487,0.023537323470073975,i. Evaluative: Reactive
78,Inference,Inference: Causal,91,295,0.30847457627118646,1487,0.06119704102219233,e. Inference: Causal
78,Inference,Inference: Hypothetical,204,295,0.6915254237288135,1487,0.13718897108271688,f. Inference: Hypothetical
78,Prior Knowledge,Prior Knowledge: General,186,329,0.5653495440729484,1487,0.12508406186953597,g. Prior Knowledge: General
78,Prior Knowledge,Prior Knowledge: Personal,143,329,0.43465045592705165,1487,0.09616677874915938,h. Prior Knowledge: Personal
78,Visual Observation,Visual Observation: Chart Elements,119,494,0.2408906882591093,1487,0.08002689979825152,a. Visual Observation: Chart Elements
78,Visual Observation,Visual Observation: Data Extraction,125,494,0.25303643724696356,1487,0.08406186953597848,b. Visual Observation: Data Extraction
78,Visual Observation,Visual Observation: Pattern Recognition,250,494,0.5060728744939271,1487,0.16812373907195696,c. Visual Observation: Pattern Recognition
79,Curiosity,Curiosity,242,242,1.0,2876,0.08414464534075104,d. Curiosity
79,Evaluative Response,Evaluative: Prescriptive,46,200,0.23,2876,0.015994436717663423,j. Evaluative: Prescriptive
79,Evaluative Response,Evaluative: Reactive,154,200,0.77,2876,0.05354659248956885,i. Evaluative: Reactive
79,Inference,Inference: Causal,340,594,0.5723905723905723,2876,0.11821974965229486,e. Inference: Causal
79,Inference,Inference: Hypothetical,254,594,0.4276094276094276,2876,0.08831710709318498,f. Inference: Hypothetical
79,Prior Knowledge,Prior Knowledge: General,652,870,0.7494252873563219,2876,0.2267037552155772,g. Prior Knowledge: General
79,Prior Knowledge,Prior Knowledge: Personal,218,870,0.25057471264367814,2876,0.07579972183588317,h. Prior Knowledge: Personal
79,Visual Observation,Visual Observation: Chart Elements,167,970,0.17216494845360825,2876,0.058066759388038944,a. Visual Observation: Chart Elements
79,Visual Observation,Visual Observation: Data Extraction,113,970,0.11649484536082474,2876,0.03929068150208623,b. Visual Observation: Data Extraction
79,Visual Observation,Visual Observation: Pattern Recognition,690,970,0.711340206185567,2876,0.23991655076495133,c. Visual Observation: Pattern Recognition
8,Curiosity,Curiosity,200,200,1.0,1840,0.10869565217391304,d. Curiosity
8,Evaluative Response,Evaluative: Prescriptive,172,272,0.6323529411764706,1840,0.09347826086956522,j. Evaluative: Prescriptive
8,Evaluative Response,Evaluative: Reactive,100,272,0.36764705882352944,1840,0.05434782608695652,i. Evaluative: Reactive
8,Inference,Inference: Causal,124,221,0.5610859728506787,1840,0.06739130434782609,e. Inference: Causal
8,Inference,Inference: Hypothetical,97,221,0.43891402714932126,1840,0.05271739130434783,f. Inference: Hypothetical
8,Prior Knowledge,Prior Knowledge: General,261,288,0.90625,1840,0.14184782608695654,g. Prior Knowledge: General
8,Prior Knowledge,Prior Knowledge: Personal,27,288,0.09375,1840,0.014673913043478261,h. Prior Knowledge: Personal
8,Visual Observation,Visual Observation: Chart Elements,235,859,0.27357392316647267,1840,0.12771739130434784,a. Visual Observation: Chart Elements
8,Visual Observation,Visual Observation: Data Extraction,202,859,0.2351571594877765,1840,0.10978260869565218,b. Visual Observation: Data Extraction
8,Visual Observation,Visual Observation: Pattern Recognition,422,859,0.4912689173457509,1840,0.22934782608695653,c. Visual Observation: Pattern Recognition
80,Curiosity,Curiosity,276,276,1.0,2081,0.13262854396924556,d. Curiosity
80,Evaluative Response,Evaluative: Prescriptive,53,122,0.4344262295081967,2081,0.025468524747717443,j. Evaluative: Prescriptive
80,Evaluative Response,Evaluative: Reactive,69,122,0.5655737704918032,2081,0.03315713599231139,i. Evaluative: Reactive
80,Inference,Inference: Causal,105,333,0.3153153153153153,2081,0.05045651129264776,e. Inference: Causal
80,Inference,Inference: Hypothetical,228,333,0.6846846846846847,2081,0.10956271023546373,f. Inference: Hypothetical
80,Prior Knowledge,Prior Knowledge: General,210,522,0.40229885057471265,2081,0.10091302258529553,g. Prior Knowledge: General
80,Prior Knowledge,Prior Knowledge: Personal,312,522,0.5977011494252874,2081,0.14992791926958193,h. Prior Knowledge: Personal
80,Visual Observation,Visual Observation: Chart Elements,148,828,0.178743961352657,2081,0.071119654012494,a. Visual Observation: Chart Elements
80,Visual Observation,Visual Observation: Data Extraction,115,828,0.1388888888888889,2081,0.05526189332051898,b. Visual Observation: Data Extraction
80,Visual Observation,Visual Observation: Pattern Recognition,565,828,0.6823671497584541,2081,0.2715040845747237,c. Visual Observation: Pattern Recognition
81,Curiosity,Curiosity,274,274,1.0,1542,0.17769130998702984,d. Curiosity
81,Evaluative Response,Evaluative: Prescriptive,35,78,0.44871794871794873,1542,0.022697795071335927,j. Evaluative: Prescriptive
81,Evaluative Response,Evaluative: Reactive,43,78,0.5512820512820513,1542,0.027885862516212712,i. Evaluative: Reactive
81,Inference,Inference: Causal,76,291,0.2611683848797251,1542,0.04928664072632944,e. Inference: Causal
81,Inference,Inference: Hypothetical,215,291,0.738831615120275,1542,0.13942931258106356,f. Inference: Hypothetical
81,Prior Knowledge,Prior Knowledge: General,171,293,0.5836177474402731,1542,0.11089494163424124,g. Prior Knowledge: General
81,Prior Knowledge,Prior Knowledge: Personal,122,293,0.41638225255972694,1542,0.07911802853437094,h. Prior Knowledge: Personal
81,Visual Observation,Visual Observation: Chart Elements,141,606,0.23267326732673269,1542,0.0914396887159533,a. Visual Observation: Chart Elements
81,Visual Observation,Visual Observation: Data Extraction,89,606,0.14686468646864687,1542,0.05771725032425422,b. Visual Observation: Data Extraction
81,Visual Observation,Visual Observation: Pattern Recognition,376,606,0.6204620462046204,1542,0.2438391699092088,c. Visual Observation: Pattern Recognition
82,Curiosity,Curiosity,230,230,1.0,1396,0.16475644699140402,d. Curiosity
82,Evaluative Response,Evaluative: Prescriptive,9,59,0.15254237288135594,1396,0.0064469914040114614,j. Evaluative: Prescriptive
82,Evaluative Response,Evaluative: Reactive,50,59,0.847457627118644,1396,0.03581661891117478,i. Evaluative: Reactive
82,Inference,Inference: Causal,138,278,0.49640287769784175,1396,0.0988538681948424,e. Inference: Causal
82,Inference,Inference: Hypothetical,140,278,0.5035971223021583,1396,0.10028653295128939,f. Inference: Hypothetical
82,Prior Knowledge,Prior Knowledge: General,176,301,0.584717607973422,1396,0.12607449856733524,g. Prior Knowledge: General
82,Prior Knowledge,Prior Knowledge: Personal,125,301,0.4152823920265781,1396,0.08954154727793696,h. Prior Knowledge: Personal
82,Visual Observation,Visual Observation: Chart Elements,166,528,0.3143939393939394,1396,0.11891117478510028,a. Visual Observation: Chart Elements
82,Visual Observation,Visual Observation: Data Extraction,61,528,0.11553030303030302,1396,0.04369627507163324,b. Visual Observation: Data Extraction
82,Visual Observation,Visual Observation: Pattern Recognition,301,528,0.5700757575757576,1396,0.21561604584527222,c. Visual Observation: Pattern Recognition
83,Curiosity,Curiosity,385,385,1.0,2062,0.18671193016488846,d. Curiosity
83,Evaluative Response,Evaluative: Prescriptive,16,190,0.08421052631578947,2062,0.007759456838021339,j. Evaluative: Prescriptive
83,Evaluative Response,Evaluative: Reactive,174,190,0.9157894736842105,2062,0.08438409311348205,i. Evaluative: Reactive
83,Inference,Inference: Causal,56,226,0.24778761061946902,2062,0.027158098933074686,e. Inference: Causal
83,Inference,Inference: Hypothetical,170,226,0.7522123893805309,2062,0.08244422890397672,f. Inference: Hypothetical
83,Prior Knowledge,Prior Knowledge: General,143,571,0.2504378283712785,2062,0.06935014548981572,g. Prior Knowledge: General
83,Prior Knowledge,Prior Knowledge: Personal,428,571,0.7495621716287215,2062,0.2075654704170708,h. Prior Knowledge: Personal
83,Visual Observation,Visual Observation: Chart Elements,187,690,0.2710144927536232,2062,0.0906886517943744,a. Visual Observation: Chart Elements
83,Visual Observation,Visual Observation: Data Extraction,108,690,0.1565217391304348,2062,0.052376333656644035,b. Visual Observation: Data Extraction
83,Visual Observation,Visual Observation: Pattern Recognition,395,690,0.572463768115942,2062,0.1915615906886518,c. Visual Observation: Pattern Recognition
84,Curiosity,Curiosity,434,434,1.0,4027,0.10777253538614354,d. Curiosity
84,Evaluative Response,Evaluative: Prescriptive,66,420,0.15714285714285714,4027,0.016389371740749937,j. Evaluative: Prescriptive
84,Evaluative Response,Evaluative: Reactive,354,420,0.8428571428571429,4027,0.08790663024584057,i. Evaluative: Reactive
84,Inference,Inference: Causal,125,431,0.2900232018561485,4027,0.031040476781723367,e. Inference: Causal
84,Inference,Inference: Hypothetical,306,431,0.7099767981438515,4027,0.0759870871616588,f. Inference: Hypothetical
84,Prior Knowledge,Prior Knowledge: General,367,803,0.45703611457036114,4027,0.0911348398311398,g. Prior Knowledge: General
84,Prior Knowledge,Prior Knowledge: Personal,436,803,0.5429638854296388,4027,0.1082691830146511,h. Prior Knowledge: Personal
84,Visual Observation,Visual Observation: Chart Elements,922,1939,0.4755028365136668,4027,0.22895455674199156,a. Visual Observation: Chart Elements
84,Visual Observation,Visual Observation: Data Extraction,227,1939,0.11707065497679216,4027,0.05636950583560964,b. Visual Observation: Data Extraction
84,Visual Observation,Visual Observation: Pattern Recognition,790,1939,0.407426508509541,4027,0.1961758132604917,c. Visual Observation: Pattern Recognition
85,Curiosity,Curiosity,351,351,1.0,2299,0.15267507612005218,d. Curiosity
85,Evaluative Response,Evaluative: Prescriptive,50,153,0.32679738562091504,2299,0.02174858634188778,j. Evaluative: Prescriptive
85,Evaluative Response,Evaluative: Reactive,103,153,0.673202614379085,2299,0.04480208786428882,i. Evaluative: Reactive
85,Inference,Inference: Causal,136,273,0.4981684981684982,2299,0.05915615484993476,e. Inference: Causal
85,Inference,Inference: Hypothetical,137,273,0.5018315018315018,2299,0.05959112657677251,f. Inference: Hypothetical
85,Prior Knowledge,Prior Knowledge: General,258,520,0.49615384615384617,2299,0.11222270552414093,g. Prior Knowledge: General
85,Prior Knowledge,Prior Knowledge: Personal,262,520,0.5038461538461538,2299,0.11396259243149195,h. Prior Knowledge: Personal
85,Visual Observation,Visual Observation: Chart Elements,185,1002,0.18463073852295409,2299,0.08046976946498477,a. Visual Observation: Chart Elements
85,Visual Observation,Visual Observation: Data Extraction,173,1002,0.17265469061876249,2299,0.07525010874293171,b. Visual Observation: Data Extraction
85,Visual Observation,Visual Observation: Pattern Recognition,644,1002,0.6427145708582834,2299,0.28012179208351456,c. Visual Observation: Pattern Recognition
86,Curiosity,Curiosity,350,350,1.0,1752,0.1997716894977169,d. Curiosity
86,Evaluative Response,Evaluative: Prescriptive,20,115,0.17391304347826086,1752,0.01141552511415525,j. Evaluative: Prescriptive
86,Evaluative Response,Evaluative: Reactive,95,115,0.8260869565217391,1752,0.05422374429223744,i. Evaluative: Reactive
86,Inference,Inference: Causal,108,267,0.4044943820224719,1752,0.06164383561643835,e. Inference: Causal
86,Inference,Inference: Hypothetical,159,267,0.5955056179775281,1752,0.09075342465753425,f. Inference: Hypothetical
86,Prior Knowledge,Prior Knowledge: General,173,372,0.4650537634408602,1752,0.09874429223744292,g. Prior Knowledge: General
86,Prior Knowledge,Prior Knowledge: Personal,199,372,0.5349462365591398,1752,0.11358447488584475,h. Prior Knowledge: Personal
86,Visual Observation,Visual Observation: Chart Elements,230,648,0.3549382716049383,1752,0.1312785388127854,a. Visual Observation: Chart Elements
86,Visual Observation,Visual Observation: Data Extraction,125,648,0.19290123456790123,1752,0.07134703196347032,b. Visual Observation: Data Extraction
86,Visual Observation,Visual Observation: Pattern Recognition,293,648,0.4521604938271605,1752,0.16723744292237444,c. Visual Observation: Pattern Recognition
87,Curiosity,Curiosity,444,444,1.0,2475,0.17939393939393938,d. Curiosity
87,Evaluative Response,Evaluative: Prescriptive,122,222,0.5495495495495496,2475,0.04929292929292929,j. Evaluative: Prescriptive
87,Evaluative Response,Evaluative: Reactive,100,222,0.45045045045045046,2475,0.04040404040404041,i. Evaluative: Reactive
87,Inference,Inference: Causal,77,311,0.24758842443729903,2475,0.03111111111111111,e. Inference: Causal
87,Inference,Inference: Hypothetical,234,311,0.752411575562701,2475,0.09454545454545454,f. Inference: Hypothetical
87,Prior Knowledge,Prior Knowledge: General,342,647,0.5285935085007728,2475,0.13818181818181818,g. Prior Knowledge: General
87,Prior Knowledge,Prior Knowledge: Personal,305,647,0.4714064914992272,2475,0.12323232323232323,h. Prior Knowledge: Personal
87,Visual Observation,Visual Observation: Chart Elements,470,851,0.5522914218566393,2475,0.1898989898989899,a. Visual Observation: Chart Elements
87,Visual Observation,Visual Observation: Data Extraction,54,851,0.06345475910693302,2475,0.02181818181818182,b. Visual Observation: Data Extraction
87,Visual Observation,Visual Observation: Pattern Recognition,327,851,0.38425381903642775,2475,0.1321212121212121,c. Visual Observation: Pattern Recognition
88,Curiosity,Curiosity,269,269,1.0,1765,0.15240793201133143,d. Curiosity
88,Evaluative Response,Evaluative: Prescriptive,14,89,0.15730337078651685,1765,0.00793201133144476,j. Evaluative: Prescriptive
88,Evaluative Response,Evaluative: Reactive,75,89,0.8426966292134831,1765,0.042492917847025496,i. Evaluative: Reactive
88,Inference,Inference: Causal,105,211,0.4976303317535545,1765,0.059490084985835696,e. Inference: Causal
88,Inference,Inference: Hypothetical,106,211,0.5023696682464455,1765,0.06005665722379604,f. Inference: Hypothetical
88,Prior Knowledge,Prior Knowledge: General,199,382,0.5209424083769634,1765,0.11274787535410764,g. Prior Knowledge: General
88,Prior Knowledge,Prior Knowledge: Personal,183,382,0.4790575916230366,1765,0.10368271954674221,h. Prior Knowledge: Personal
88,Visual Observation,Visual Observation: Chart Elements,186,814,0.2285012285012285,1765,0.10538243626062323,a. Visual Observation: Chart Elements
88,Visual Observation,Visual Observation: Data Extraction,127,814,0.15601965601965603,1765,0.07195467422096317,b. Visual Observation: Data Extraction
88,Visual Observation,Visual Observation: Pattern Recognition,501,814,0.6154791154791155,1765,0.28385269121813034,c. Visual Observation: Pattern Recognition
89,Curiosity,Curiosity,116,116,1.0,690,0.1681159420289855,d. Curiosity
89,Evaluative Response,Evaluative: Prescriptive,12,39,0.3076923076923077,690,0.017391304347826087,j. Evaluative: Prescriptive
89,Evaluative Response,Evaluative: Reactive,27,39,0.6923076923076923,690,0.0391304347826087,i. Evaluative: Reactive
89,Inference,Inference: Causal,84,101,0.8316831683168316,690,0.12173913043478261,e. Inference: Causal
89,Inference,Inference: Hypothetical,17,101,0.16831683168316833,690,0.02463768115942029,f. Inference: Hypothetical
89,Prior Knowledge,Prior Knowledge: General,68,129,0.5271317829457365,690,0.09855072463768116,g. Prior Knowledge: General
89,Prior Knowledge,Prior Knowledge: Personal,61,129,0.4728682170542636,690,0.08840579710144927,h. Prior Knowledge: Personal
89,Visual Observation,Visual Observation: Chart Elements,70,305,0.22950819672131148,690,0.10144927536231885,a. Visual Observation: Chart Elements
89,Visual Observation,Visual Observation: Data Extraction,69,305,0.2262295081967213,690,0.1,b. Visual Observation: Data Extraction
89,Visual Observation,Visual Observation: Pattern Recognition,166,305,0.5442622950819672,690,0.24057971014492754,c. Visual Observation: Pattern Recognition
9,Curiosity,Curiosity,113,113,1.0,735,0.15374149659863945,d. Curiosity
9,Evaluative Response,Evaluative: Prescriptive,19,50,0.38,735,0.02585034013605442,j. Evaluative: Prescriptive
9,Evaluative Response,Evaluative: Reactive,31,50,0.62,735,0.04217687074829932,i. Evaluative: Reactive
9,Inference,Inference: Causal,44,88,0.5,735,0.05986394557823129,e. Inference: Causal
9,Inference,Inference: Hypothetical,44,88,0.5,735,0.05986394557823129,f. Inference: Hypothetical
9,Prior Knowledge,Prior Knowledge: General,84,89,0.9438202247191011,735,0.11428571428571428,g. Prior Knowledge: General
9,Prior Knowledge,Prior Knowledge: Personal,5,89,0.056179775280898875,735,0.006802721088435374,h. Prior Knowledge: Personal
9,Visual Observation,Visual Observation: Chart Elements,92,395,0.23291139240506328,735,0.1251700680272109,a. Visual Observation: Chart Elements
9,Visual Observation,Visual Observation: Data Extraction,17,395,0.043037974683544304,735,0.02312925170068027,b. Visual Observation: Data Extraction
9,Visual Observation,Visual Observation: Pattern Recognition,286,395,0.7240506329113924,735,0.3891156462585034,c. Visual Observation: Pattern Recognition
90,Curiosity,Curiosity,189,189,1.0,1263,0.1496437054631829,d. Curiosity
90,Evaluative Response,Evaluative: Prescriptive,25,78,0.32051282051282054,1263,0.01979414093428345,j. Evaluative: Prescriptive
90,Evaluative Response,Evaluative: Reactive,53,78,0.6794871794871795,1263,0.04196357878068092,i. Evaluative: Reactive
90,Inference,Inference: Causal,61,195,0.3128205128205128,1263,0.04829770387965162,e. Inference: Causal
90,Inference,Inference: Hypothetical,134,195,0.6871794871794872,1263,0.1060965954077593,f. Inference: Hypothetical
90,Prior Knowledge,Prior Knowledge: General,157,255,0.615686274509804,1263,0.12430720506730007,g. Prior Knowledge: General
90,Prior Knowledge,Prior Knowledge: Personal,98,255,0.3843137254901961,1263,0.07759303246239113,h. Prior Knowledge: Personal
90,Visual Observation,Visual Observation: Chart Elements,119,546,0.21794871794871795,1263,0.09422011084718923,a. Visual Observation: Chart Elements
90,Visual Observation,Visual Observation: Data Extraction,48,546,0.08791208791208792,1263,0.03800475059382423,b. Visual Observation: Data Extraction
90,Visual Observation,Visual Observation: Pattern Recognition,379,546,0.6941391941391941,1263,0.3000791765637371,c. Visual Observation: Pattern Recognition
91,Curiosity,Curiosity,396,396,1.0,2629,0.1506276150627615,d. Curiosity
91,Evaluative Response,Evaluative: Prescriptive,74,136,0.5441176470588235,2629,0.02814758463294028,j. Evaluative: Prescriptive
91,Evaluative Response,Evaluative: Reactive,62,136,0.45588235294117646,2629,0.023583111449220234,i. Evaluative: Reactive
91,Inference,Inference: Causal,196,383,0.5117493472584856,2629,0.07455306200076074,e. Inference: Causal
91,Inference,Inference: Hypothetical,187,383,0.48825065274151436,2629,0.07112970711297072,f. Inference: Hypothetical
91,Prior Knowledge,Prior Knowledge: General,249,547,0.45521023765996343,2629,0.09471281856219095,g. Prior Knowledge: General
91,Prior Knowledge,Prior Knowledge: Personal,298,547,0.5447897623400365,2629,0.11335108406238113,h. Prior Knowledge: Personal
91,Visual Observation,Visual Observation: Chart Elements,216,1167,0.18508997429305912,2629,0.08216051730696082,a. Visual Observation: Chart Elements
91,Visual Observation,Visual Observation: Data Extraction,226,1167,0.19365895458440446,2629,0.08596424496006086,b. Visual Observation: Data Extraction
91,Visual Observation,Visual Observation: Pattern Recognition,725,1167,0.6212510711225364,2629,0.27577025484975276,c. Visual Observation: Pattern Recognition
92,Curiosity,Curiosity,436,436,1.0,3042,0.1433267587113741,d. Curiosity
92,Evaluative Response,Evaluative: Prescriptive,109,201,0.5422885572139303,3042,0.035831689677843524,j. Evaluative: Prescriptive
92,Evaluative Response,Evaluative: Reactive,92,201,0.4577114427860697,3042,0.030243261012491782,i. Evaluative: Reactive
92,Inference,Inference: Causal,205,413,0.4963680387409201,3042,0.06738987508218278,e. Inference: Causal
92,Inference,Inference: Hypothetical,208,413,0.5036319612590799,3042,0.06837606837606838,f. Inference: Hypothetical
92,Prior Knowledge,Prior Knowledge: General,569,836,0.680622009569378,3042,0.18704799474030243,g. Prior Knowledge: General
92,Prior Knowledge,Prior Knowledge: Personal,267,836,0.319377990430622,3042,0.08777120315581854,h. Prior Knowledge: Personal
92,Visual Observation,Visual Observation: Chart Elements,261,1156,0.22577854671280276,3042,0.08579881656804733,a. Visual Observation: Chart Elements
92,Visual Observation,Visual Observation: Data Extraction,284,1156,0.24567474048442905,3042,0.09335963182117028,b. Visual Observation: Data Extraction
92,Visual Observation,Visual Observation: Pattern Recognition,611,1156,0.5285467128027682,3042,0.20085470085470086,c. Visual Observation: Pattern Recognition
93,Curiosity,Curiosity,576,576,1.0,3280,0.17560975609756097,d. Curiosity
93,Evaluative Response,Evaluative: Prescriptive,79,176,0.44886363636363635,3280,0.024085365853658537,j. Evaluative: Prescriptive
93,Evaluative Response,Evaluative: Reactive,97,176,0.5511363636363636,3280,0.029573170731707316,i. Evaluative: Reactive
93,Inference,Inference: Causal,128,324,0.3950617283950617,3280,0.03902439024390244,e. Inference: Causal
93,Inference,Inference: Hypothetical,196,324,0.6049382716049383,3280,0.05975609756097561,f. Inference: Hypothetical
93,Prior Knowledge,Prior Knowledge: General,476,807,0.5898389095415117,3280,0.14512195121951219,g. Prior Knowledge: General
93,Prior Knowledge,Prior Knowledge: Personal,331,807,0.41016109045848825,3280,0.10091463414634147,h. Prior Knowledge: Personal
93,Visual Observation,Visual Observation: Chart Elements,408,1397,0.29205440229062274,3280,0.12439024390243902,a. Visual Observation: Chart Elements
93,Visual Observation,Visual Observation: Data Extraction,107,1397,0.07659269863994274,3280,0.032621951219512196,b. Visual Observation: Data Extraction
93,Visual Observation,Visual Observation: Pattern Recognition,882,1397,0.6313528990694345,3280,0.26890243902439026,c. Visual Observation: Pattern Recognition
94,Curiosity,Curiosity,507,507,1.0,2747,0.184564979978158,d. Curiosity
94,Evaluative Response,Evaluative: Prescriptive,79,159,0.4968553459119497,2747,0.02875864579541318,j. Evaluative: Prescriptive
94,Evaluative Response,Evaluative: Reactive,80,159,0.5031446540880503,2747,0.029122679286494358,i. Evaluative: Reactive
94,Inference,Inference: Causal,294,573,0.5130890052356021,2747,0.10702584637786676,e. Inference: Causal
94,Inference,Inference: Hypothetical,279,573,0.4869109947643979,2747,0.10156534401164907,f. Inference: Hypothetical
94,Prior Knowledge,Prior Knowledge: General,361,643,0.5614307931570762,2747,0.1314160902803058,g. Prior Knowledge: General
94,Prior Knowledge,Prior Knowledge: Personal,282,643,0.4385692068429238,2747,0.10265744448489261,h. Prior Knowledge: Personal
94,Visual Observation,Visual Observation: Chart Elements,135,865,0.15606936416184972,2747,0.049144521295959226,a. Visual Observation: Chart Elements
94,Visual Observation,Visual Observation: Data Extraction,182,865,0.21040462427745665,2747,0.06625409537677467,b. Visual Observation: Data Extraction
94,Visual Observation,Visual Observation: Pattern Recognition,548,865,0.6335260115606937,2747,0.19949035311248633,c. Visual Observation: Pattern Recognition
95,Curiosity,Curiosity,455,455,1.0,4166,0.10921747479596736,d. Curiosity
95,Evaluative Response,Evaluative: Prescriptive,163,442,0.36877828054298645,4166,0.03912626020163226,j. Evaluative: Prescriptive
95,Evaluative Response,Evaluative: Reactive,279,442,0.6312217194570136,4166,0.06697071531445031,i. Evaluative: Reactive
95,Inference,Inference: Causal,171,1189,0.1438183347350715,4166,0.041046567450792125,e. Inference: Causal
95,Inference,Inference: Hypothetical,1018,1189,0.8561816652649286,4166,0.2443590974555929,f. Inference: Hypothetical
95,Prior Knowledge,Prior Knowledge: General,537,1006,0.5337972166998012,4166,0.12890062409985598,g. Prior Knowledge: General
95,Prior Knowledge,Prior Knowledge: Personal,469,1006,0.4662027833001988,4166,0.11257801248199711,h. Prior Knowledge: Personal
95,Visual Observation,Visual Observation: Chart Elements,563,1074,0.5242085661080075,4166,0.13514162265962554,a. Visual Observation: Chart Elements
95,Visual Observation,Visual Observation: Data Extraction,155,1074,0.14432029795158285,4166,0.03720595295247239,b. Visual Observation: Data Extraction
95,Visual Observation,Visual Observation: Pattern Recognition,356,1074,0.33147113594040967,4166,0.08545367258761402,c. Visual Observation: Pattern Recognition
96,Curiosity,Curiosity,222,222,1.0,1099,0.20200181983621474,d. Curiosity
96,Evaluative Response,Evaluative: Prescriptive,14,37,0.3783783783783784,1099,0.012738853503184714,j. Evaluative: Prescriptive
96,Evaluative Response,Evaluative: Reactive,23,37,0.6216216216216216,1099,0.020928116469517744,i. Evaluative: Reactive
96,Inference,Inference: Causal,63,150,0.42,1099,0.05732484076433121,e. Inference: Causal
96,Inference,Inference: Hypothetical,87,150,0.58,1099,0.0791628753412193,f. Inference: Hypothetical
96,Prior Knowledge,Prior Knowledge: General,103,238,0.4327731092436975,1099,0.09372156505914468,g. Prior Knowledge: General
96,Prior Knowledge,Prior Knowledge: Personal,135,238,0.5672268907563025,1099,0.12283894449499545,h. Prior Knowledge: Personal
96,Visual Observation,Visual Observation: Chart Elements,77,452,0.17035398230088494,1099,0.07006369426751592,a. Visual Observation: Chart Elements
96,Visual Observation,Visual Observation: Data Extraction,36,452,0.07964601769911504,1099,0.03275705186533212,b. Visual Observation: Data Extraction
96,Visual Observation,Visual Observation: Pattern Recognition,339,452,0.75,1099,0.30846223839854414,c. Visual Observation: Pattern Recognition
97,Curiosity,Curiosity,248,248,1.0,2189,0.11329374143444496,d. Curiosity
97,Evaluative Response,Evaluative: Prescriptive,36,136,0.2647058823529412,2189,0.01644586569209685,j. Evaluative: Prescriptive
97,Evaluative Response,Evaluative: Reactive,100,136,0.7352941176470589,2189,0.04568296025582458,i. Evaluative: Reactive
97,Inference,Inference: Causal,158,296,0.5337837837837838,2189,0.07217907720420283,e. Inference: Causal
97,Inference,Inference: Hypothetical,138,296,0.46621621621621623,2189,0.06304248515303791,f. Inference: Hypothetical
97,Prior Knowledge,Prior Knowledge: General,225,547,0.4113345521023766,2189,0.1027866605756053,g. Prior Knowledge: General
97,Prior Knowledge,Prior Knowledge: Personal,322,547,0.5886654478976234,2189,0.14709913202375513,h. Prior Knowledge: Personal
97,Visual Observation,Visual Observation: Chart Elements,246,962,0.25571725571725573,2189,0.11238008222932847,a. Visual Observation: Chart Elements
97,Visual Observation,Visual Observation: Data Extraction,99,962,0.10291060291060292,2189,0.04522613065326633,b. Visual Observation: Data Extraction
97,Visual Observation,Visual Observation: Pattern Recognition,617,962,0.6413721413721414,2189,0.28186386477843767,c. Visual Observation: Pattern Recognition
98,Curiosity,Curiosity,376,376,1.0,2403,0.15647107781939243,d. Curiosity
98,Evaluative Response,Evaluative: Prescriptive,70,126,0.5555555555555556,2403,0.029130253849354974,j. Evaluative: Prescriptive
98,Evaluative Response,Evaluative: Reactive,56,126,0.4444444444444444,2403,0.023304203079483977,i. Evaluative: Reactive
98,Inference,Inference: Causal,92,480,0.19166666666666668,2403,0.03828547648772368,e. Inference: Causal
98,Inference,Inference: Hypothetical,388,480,0.8083333333333333,2403,0.16146483562213898,f. Inference: Hypothetical
98,Prior Knowledge,Prior Knowledge: General,316,584,0.541095890410959,2403,0.1315022888056596,g. Prior Knowledge: General
98,Prior Knowledge,Prior Knowledge: Personal,268,584,0.4589041095890411,2403,0.11152725759467333,h. Prior Knowledge: Personal
98,Visual Observation,Visual Observation: Chart Elements,138,837,0.16487455197132617,2403,0.05742821473158552,a. Visual Observation: Chart Elements
98,Visual Observation,Visual Observation: Data Extraction,38,837,0.04540023894862605,2403,0.01581356637536413,b. Visual Observation: Data Extraction
98,Visual Observation,Visual Observation: Pattern Recognition,661,837,0.7897252090800478,2403,0.2750728256346234,c. Visual Observation: Pattern Recognition
99,Curiosity,Curiosity,218,218,1.0,1635,0.13333333333333333,d. Curiosity
99,Evaluative Response,Evaluative: Prescriptive,31,61,0.5081967213114754,1635,0.018960244648318043,j. Evaluative: Prescriptive
99,Evaluative Response,Evaluative: Reactive,30,61,0.4918032786885246,1635,0.01834862385321101,i. Evaluative: Reactive
99,Inference,Inference: Causal,128,434,0.29493087557603687,1635,0.0782874617737003,e. Inference: Causal
99,Inference,Inference: Hypothetical,306,434,0.7050691244239631,1635,0.1871559633027523,f. Inference: Hypothetical
99,Prior Knowledge,Prior Knowledge: General,189,366,0.5163934426229508,1635,0.11559633027522936,g. Prior Knowledge: General
99,Prior Knowledge,Prior Knowledge: Personal,177,366,0.48360655737704916,1635,0.10825688073394496,h. Prior Knowledge: Personal
99,Visual Observation,Visual Observation: Chart Elements,129,556,0.23201438848920863,1635,0.07889908256880734,a. Visual Observation: Chart Elements
99,Visual Observation,Visual Observation: Data Extraction,30,556,0.0539568345323741,1635,0.01834862385321101,b. Visual Observation: Data Extraction
99,Visual Observation,Visual Observation: Pattern Recognition,397,556,0.7140287769784173,1635,0.24281345565749235,c. Visual Observation: Pattern Recognition
